,FIPS_FULL,FIPS,COUNTY,STATE
0,FIPS,PS,Name,State
1,01001,001,Autauga,AL
2,01003,003,Baldwin,AL
3,01005,005,Barbour,AL
4,01007,007,Bibb,AL
5,01009,009,Blount,AL
6,01011,011,Bullock,AL
7,01013,013,Butler,AL
8,01015,015,Calhoun,AL
9,01017,017,Chambers,AL
10,01019,019,Cherokee,AL
11,01021,021,Chilton,AL
12,01023,023,Choctaw,AL
13,01025,025,Clarke,AL
14,01027,027,Clay,AL
15,01029,029,Cleburne,AL
16,01031,031,Coffee,AL
17,01033,033,Colbert,AL
18,01035,035,Conecuh,AL
19,01037,037,Coosa,AL
20,01039,039,Covington,AL
21,01041,041,Crenshaw,AL
22,01043,043,Cullman,AL
23,01045,045,Dale,AL
24,01047,047,Dallas,AL
25,01049,049,De Kalb,AL
26,01051,051,Elmore,AL
27,01053,053,Escambia,AL
28,01055,055,Etowah,AL
29,01057,057,Fayette,AL
30,01059,059,Franklin,AL
31,01061,061,Geneva,AL
32,01063,063,Greene,AL
33,01065,065,Hale,AL
34,01067,067,Henry,AL
35,01069,069,Houston,AL
36,01071,071,Jackson,AL
37,01073,073,Jefferson,AL
38,01075,075,Lamar,AL
39,01077,077,Lauderdale,AL
40,01079,079,Lawrence,AL
41,01081,081,Lee,AL
42,01083,083,Limestone,AL
43,01085,085,Lowndes,AL
44,01087,087,Macon,AL
45,01089,089,Madison,AL
46,01091,091,Marengo,AL
47,01093,093,Marion,AL
48,01095,095,Marshall,AL
49,01097,097,Mobile,AL
50,01099,099,Monroe,AL
51,01101,101,Montgomery,AL
52,01103,103,Morgan,AL
53,01105,105,Perry,AL
54,01107,107,Pickens,AL
55,01109,109,Pike,AL
56,01111,111,Randolph,AL
57,01113,113,Russell,AL
58,01115,115,St Clair,AL
59,01117,117,Shelby,AL
60,01119,119,Sumter,AL
61,01121,121,Talladega,AL
62,01123,123,Tallapoosa,AL
63,01125,125,Tuscaloosa,AL
64,01127,127,Walker,AL
65,01129,129,Washington,AL
66,01131,131,Wilcox,AL
67,01133,133,Winston,AL
68,02013,013,Aleutians East,AK
69,02016,016,Aleutians West,AK
70,02020,020,Anchorage,AK
71,02050,050,Bethel,AK
72,02060,060,Bristol Bay,AK
73,02068,068,Denali,AK
74,02070,070,Dillingham,AK
75,02090,090,Fairbanks North Star,AK
76,02100,100,Haines,AK
77,02110,110,Juneau,AK
78,02122,122,Kenai Peninsula,AK
79,02130,130,Ketchikan Gateway,AK
80,02150,150,Kodiak Island,AK
81,02164,164,Lake and Peninsula,AK
82,02170,170,Matanuska-Susitna,AK
83,02180,180,Nome,AK
84,02185,185,North Slope,AK
85,02188,188,Northwest Arctic,AK
86,02201,201,Prince of Wales-Outer Ketchikan,AK
87,02220,220,Sitka,AK
88,02232,232,Skagway-Hoonah-Angoon,AK
89,02240,240,Southeast Fairbanks,AK
90,02261,261,Valdez-Cordova,AK
91,02270,270,Wade Hampton,AK
92,02280,280,Wrangell-Petersburg,AK
93,02282,282,Yakutat,AK
94,02290,290,Yukon-Koyukuk,AK
95,04001,001,Apache,AZ
96,04003,003,Cochise,AZ
97,04005,005,Coconino,AZ
98,04007,007,Gila,AZ
99,04009,009,Graham,AZ
100,04011,011,Greenlee,AZ
101,04012,012,La Paz,AZ
102,04013,013,Maricopa,AZ
103,04015,015,Mohave,AZ
104,04017,017,Navajo,AZ
105,04019,019,Pima,AZ
106,04021,021,Pinal,AZ
107,04023,023,Santa Cruz,AZ
108,04025,025,Yavapai,AZ
109,04027,027,Yuma,AZ
110,05001,001,Arkansas,AR
111,05003,003,Ashley,AR
112,05005,005,Baxter,AR
113,05007,007,Benton,AR
114,05009,009,Boone,AR
115,05011,011,Bradley,AR
116,05013,013,Calhoun,AR
117,05015,015,Carroll,AR
118,05017,017,Chicot,AR
119,05019,019,Clark,AR
120,05021,021,Clay,AR
121,05023,023,Cleburne,AR
122,05025,025,Cleveland,AR
123,05027,027,Columbia,AR
124,05029,029,Conway,AR
125,05031,031,Craighead,AR
126,05033,033,Crawford,AR
127,05035,035,Crittenden,AR
128,05037,037,Cross,AR
129,05039,039,Dallas,AR
130,05041,041,Desha,AR
131,05043,043,Drew,AR
132,05045,045,Faulkner,AR
133,05047,047,Franklin,AR
134,05049,049,Fulton,AR
135,05051,051,Garland,AR
136,05053,053,Grant,AR
137,05055,055,Greene,AR
138,05057,057,Hempstead,AR
139,05059,059,Hot Spring,AR
140,05061,061,Howard,AR
141,05063,063,Independence,AR
142,05065,065,Izard,AR
143,05067,067,Jackson,AR
144,05069,069,Jefferson,AR
145,05071,071,Johnson,AR
146,05073,073,Lafayette,AR
147,05075,075,Lawrence,AR
148,05077,077,Lee,AR
149,05079,079,Lincoln,AR
150,05081,081,Little River,AR
151,05083,083,Logan,AR
152,05085,085,Lonoke,AR
153,05087,087,Madison,AR
154,05089,089,Marion,AR
155,05091,091,Miller,AR
156,05093,093,Mississippi,AR
157,05095,095,Monroe,AR
158,05097,097,Montgomery,AR
159,05099,099,Nevada,AR
160,05101,101,Newton,AR
161,05103,103,Ouachita,AR
162,05105,105,Perry,AR
163,05107,107,Phillips,AR
164,05109,109,Pike,AR
165,05111,111,Poinsett,AR
166,05113,113,Polk,AR
167,05115,115,Pope,AR
168,05117,117,Prairie,AR
169,05119,119,Pulaski,AR
170,05121,121,Randolph,AR
171,05123,123,St Francis,AR
172,05125,125,Saline,AR
173,05127,127,Scott,AR
174,05129,129,Searcy,AR
175,05131,131,Sebastian,AR
176,05133,133,Sevier,AR
177,05135,135,Sharp,AR
178,05137,137,Stone,AR
179,05139,139,Union,AR
180,05141,141,Van Buren,AR
181,05143,143,Washington,AR
182,05145,145,White,AR
183,05147,147,Woodruff,AR
184,05149,149,Yell,AR
185,06001,001,Alameda,CA
186,06003,003,Alpine,CA
187,06005,005,Amador,CA
188,06007,007,Butte,CA
189,06009,009,Calaveras,CA
190,06011,011,Colusa,CA
191,06013,013,Contra Costa,CA
192,06015,015,Del Norte,CA
193,06017,017,El Dorado,CA
194,06019,019,Fresno,CA
195,06021,021,Glenn,CA
196,06023,023,Humboldt,CA
197,06025,025,Imperial,CA
198,06027,027,Inyo,CA
199,06029,029,Kern,CA
200,06031,031,Kings,CA
201,06033,033,Lake,CA
202,06035,035,Lassen,CA
203,06037,037,Los Angeles,CA
204,06039,039,Madera,CA
205,06041,041,Marin,CA
206,06043,043,Mariposa,CA
207,06045,045,Mendocino,CA
208,06047,047,Merced,CA
209,06049,049,Modoc,CA
210,06051,051,Mono,CA
211,06053,053,Monterey,CA
212,06055,055,Napa,CA
213,06057,057,Nevada,CA
214,06059,059,Orange,CA
215,06061,061,Placer,CA
216,06063,063,Plumas,CA
217,06065,065,Riverside,CA
218,06067,067,Sacramento,CA
219,06069,069,San Benito,CA
220,06071,071,San Bernardino,CA
221,06073,073,San Diego,CA
222,06075,075,San Francisco,CA
223,06077,077,San Joaquin,CA
224,06079,079,San Luis Obispo,CA
225,06081,081,San Mateo,CA
226,06083,083,Santa Barbara,CA
227,06085,085,Santa Clara,CA
228,06087,087,Santa Cruz,CA
229,06089,089,Shasta,CA
230,06091,091,Sierra,CA
231,06093,093,Siskiyou,CA
232,06095,095,Solano,CA
233,06097,097,Sonoma,CA
234,06099,099,Stanislaus,CA
235,06101,101,Sutter,CA
236,06103,103,Tehama,CA
237,06105,105,Trinity,CA
238,06107,107,Tulare,CA
239,06109,109,Tuolumne,CA
240,06111,111,Ventura,CA
241,06113,113,Yolo,CA
242,06115,115,Yuba,CA
243,08001,001,Adams,CO
244,08003,003,Alamosa,CO
245,08005,005,Arapahoe,CO
246,08007,007,Archuleta,CO
247,08009,009,Baca,CO
248,08011,011,Bent,CO
249,08013,013,Boulder,CO
250,08015,015,Chaffee,CO
251,08017,017,Cheyenne,CO
252,08019,019,Clear Creek,CO
253,08021,021,Conejos,CO
254,08023,023,Costilla,CO
255,08025,025,Crowley,CO
256,08027,027,Custer,CO
257,08029,029,Delta,CO
258,08031,031,Denver,CO
259,08033,033,Dolores,CO
260,08035,035,Douglas,CO
261,08037,037,Eagle,CO
262,08039,039,Elbert,CO
263,08041,041,El Paso,CO
264,08043,043,Fremont,CO
265,08045,045,Garfield,CO
266,08047,047,Gilpin,CO
267,08049,049,Grand,CO
268,08051,051,Gunnison,CO
269,08053,053,Hinsdale,CO
270,08055,055,Huerfano,CO
271,08057,057,Jackson,CO
272,08059,059,Jefferson,CO
273,08061,061,Kiowa,CO
274,08063,063,Kit Carson,CO
275,08065,065,Lake,CO
276,08067,067,La Plata,CO
277,08069,069,Larimer,CO
278,08071,071,Las Animas,CO
279,08073,073,Lincoln,CO
280,08075,075,Logan,CO
281,08077,077,Mesa,CO
282,08079,079,Mineral,CO
283,08081,081,Moffat,CO
284,08083,083,Montezuma,CO
285,08085,085,Montrose,CO
286,08087,087,Morgan,CO
287,08089,089,Otero,CO
288,08091,091,Ouray,CO
289,08093,093,Park,CO
290,08095,095,Phillips,CO
291,08097,097,Pitkin,CO
292,08099,099,Prowers,CO
293,08101,101,Pueblo,CO
294,08103,103,Rio Blanco,CO
295,08105,105,Rio Grande,CO
296,08107,107,Routt,CO
297,08109,109,Saguache,CO
298,08111,111,San Juan,CO
299,08113,113,San Miguel,CO
300,08115,115,Sedgwick,CO
301,08117,117,Summit,CO
302,08119,119,Teller,CO
303,08121,121,Washington,CO
304,08123,123,Weld,CO
305,08125,125,Yuma,CO
306,09001,001,Fairfield,CT
307,09003,003,Hartford,CT
308,09005,005,Litchfield,CT
309,09007,007,Middlesex,CT
310,09009,009,New Haven,CT
311,09011,011,New London,CT
312,09013,013,Tolland,CT
313,09015,015,Windham,CT
314,10001,001,Kent,DE
315,10003,003,New Castle,DE
316,10005,005,Sussex,DE
317,11001,001,Washington,DC
318,12001,001,Alachua,FL
319,12003,003,Baker,FL
320,12005,005,Bay,FL
321,12007,007,Bradford,FL
322,12009,009,Brevard,FL
323,12011,011,Broward,FL
324,12013,013,Calhoun,FL
325,12015,015,Charlotte,FL
326,12017,017,Citrus,FL
327,12019,019,Clay,FL
328,12021,021,Collier,FL
329,12023,023,Columbia,FL
330,12027,027,De Soto,FL
331,12029,029,Dixie,FL
332,12031,031,Duval,FL
333,12033,033,Escambia,FL
334,12035,035,Flagler,FL
335,12037,037,Franklin,FL
336,12039,039,Gadsden,FL
337,12041,041,Gilchrist,FL
338,12043,043,Glades,FL
339,12045,045,Gulf,FL
340,12047,047,Hamilton,FL
341,12049,049,Hardee,FL
342,12051,051,Hendry,FL
343,12053,053,Hernando,FL
344,12055,055,Highlands,FL
345,12057,057,Hillsborough,FL
346,12059,059,Holmes,FL
347,12061,061,Indian River,FL
348,12063,063,Jackson,FL
349,12065,065,Jefferson,FL
350,12067,067,Lafayette,FL
351,12069,069,Lake,FL
352,12071,071,Lee,FL
353,12073,073,Leon,FL
354,12075,075,Levy,FL
355,12077,077,Liberty,FL
356,12079,079,Madison,FL
357,12081,081,Manatee,FL
358,12083,083,Marion,FL
359,12085,085,Martin,FL
360,12086,086,Miami-Dade,FL
361,12087,087,Monroe,FL
362,12089,089,Nassau,FL
363,12091,091,Okaloosa,FL
364,12093,093,Okeechobee,FL
365,12095,095,Orange,FL
366,12097,097,Osceola,FL
367,12099,099,Palm Beach,FL
368,12101,101,Pasco,FL
369,12103,103,Pinellas,FL
370,12105,105,Polk,FL
371,12107,107,Putnam,FL
372,12109,109,St Johns,FL
373,12111,111,St Lucie,FL
374,12113,113,Santa Rosa,FL
375,12115,115,Sarasota,FL
376,12117,117,Seminole,FL
377,12119,119,Sumter,FL
378,12121,121,Suwannee,FL
379,12123,123,Taylor,FL
380,12125,125,Union,FL
381,12127,127,Volusia,FL
382,12129,129,Wakulla,FL
383,12131,131,Walton,FL
384,12133,133,Washington,FL
385,13001,001,Appling,GA
386,13003,003,Atkinson,GA
387,13005,005,Bacon,GA
388,13007,007,Baker,GA
389,13009,009,Baldwin,GA
390,13011,011,Banks,GA
391,13013,013,Barrow,GA
392,13015,015,Bartow,GA
393,13017,017,Ben Hill,GA
394,13019,019,Berrien,GA
395,13021,021,Bibb,GA
396,13023,023,Bleckley,GA
397,13025,025,Brantley,GA
398,13027,027,Brooks,GA
399,13029,029,Bryan,GA
400,13031,031,Bulloch,GA
401,13033,033,Burke,GA
402,13035,035,Butts,GA
403,13037,037,Calhoun,GA
404,13039,039,Camden,GA
405,13043,043,Candler,GA
406,13045,045,Carroll,GA
407,13047,047,Catoosa,GA
408,13049,049,Charlton,GA
409,13051,051,Chatham,GA
410,13053,053,Chattahoochee,GA
411,13055,055,Chattooga,GA
412,13057,057,Cherokee,GA
413,13059,059,Clarke,GA
414,13061,061,Clay,GA
415,13063,063,Clayton,GA
416,13065,065,Clinch,GA
417,13067,067,Cobb,GA
418,13069,069,Coffee,GA
419,13071,071,Colquitt,GA
420,13073,073,Columbia,GA
421,13075,075,Cook,GA
422,13077,077,Coweta,GA
423,13079,079,Crawford,GA
424,13081,081,Crisp,GA
425,13083,083,Dade,GA
426,13085,085,Dawson,GA
427,13087,087,Decatur,GA
428,13089,089,De Kalb,GA
429,13091,091,Dodge,GA
430,13093,093,Dooly,GA
431,13095,095,Dougherty,GA
432,13097,097,Douglas,GA
433,13099,099,Early,GA
434,13101,101,Echols,GA
435,13103,103,Effingham,GA
436,13105,105,Elbert,GA
437,13107,107,Emanuel,GA
438,13109,109,Evans,GA
439,13111,111,Fannin,GA
440,13113,113,Fayette,GA
441,13115,115,Floyd,GA
442,13117,117,Forsyth,GA
443,13119,119,Franklin,GA
444,13121,121,Fulton,GA
445,13123,123,Gilmer,GA
446,13125,125,Glascock,GA
447,13127,127,Glynn,GA
448,13129,129,Gordon,GA
449,13131,131,Grady,GA
450,13133,133,Greene,GA
451,13135,135,Gwinnett,GA
452,13137,137,Habersham,GA
453,13139,139,Hall,GA
454,13141,141,Hancock,GA
455,13143,143,Haralson,GA
456,13145,145,Harris,GA
457,13147,147,Hart,GA
458,13149,149,Heard,GA
459,13151,151,Henry,GA
460,13153,153,Houston,GA
461,13155,155,Irwin,GA
462,13157,157,Jackson,GA
463,13159,159,Jasper,GA
464,13161,161,Jeff Davis,GA
465,13163,163,Jefferson,GA
466,13165,165,Jenkins,GA
467,13167,167,Johnson,GA
468,13169,169,Jones,GA
469,13171,171,Lamar,GA
470,13173,173,Lanier,GA
471,13175,175,Laurens,GA
472,13177,177,Lee,GA
473,13179,179,Liberty,GA
474,13181,181,Lincoln,GA
475,13183,183,Long,GA
476,13185,185,Lowndes,GA
477,13187,187,Lumpkin,GA
478,13189,189,McDuffie,GA
479,13191,191,McIntosh,GA
480,13193,193,Macon,GA
481,13195,195,Madison,GA
482,13197,197,Marion,GA
483,13199,199,Meriwether,GA
484,13201,201,Miller,GA
485,13205,205,Mitchell,GA
486,13207,207,Monroe,GA
487,13209,209,Montgomery,GA
488,13211,211,Morgan,GA
489,13213,213,Murray,GA
490,13215,215,Muscogee,GA
491,13217,217,Newton,GA
492,13219,219,Oconee,GA
493,13221,221,Oglethorpe,GA
494,13223,223,Paulding,GA
495,13225,225,Peach,GA
496,13227,227,Pickens,GA
497,13229,229,Pierce,GA
498,13231,231,Pike,GA
499,13233,233,Polk,GA
500,13235,235,Pulaski,GA
501,13237,237,Putnam,GA
502,13239,239,Quitman,GA
503,13241,241,Rabun,GA
504,13243,243,Randolph,GA
505,13245,245,Richmond,GA
506,13247,247,Rockdale,GA
507,13249,249,Schley,GA
508,13251,251,Screven,GA
509,13253,253,Seminole,GA
510,13255,255,Spalding,GA
511,13257,257,Stephens,GA
512,13259,259,Stewart,GA
513,13261,261,Sumter,GA
514,13263,263,Talbot,GA
515,13265,265,Taliaferro,GA
516,13267,267,Tattnall,GA
517,13269,269,Taylor,GA
518,13271,271,Telfair,GA
519,13273,273,Terrell,GA
520,13275,275,Thomas,GA
521,13277,277,Tift,GA
522,13279,279,Toombs,GA
523,13281,281,Towns,GA
524,13283,283,Treutlen,GA
525,13285,285,Troup,GA
526,13287,287,Turner,GA
527,13289,289,Twiggs,GA
528,13291,291,Union,GA
529,13293,293,Upson,GA
530,13295,295,Walker,GA
531,13297,297,Walton,GA
532,13299,299,Ware,GA
533,13301,301,Warren,GA
534,13303,303,Washington,GA
535,13305,305,Wayne,GA
536,13307,307,Webster,GA
537,13309,309,Wheeler,GA
538,13311,311,White,GA
539,13313,313,Whitfield,GA
540,13315,315,Wilcox,GA
541,13317,317,Wilkes,GA
542,13319,319,Wilkinson,GA
543,13321,321,Worth,GA
544,15001,001,Hawaii,HI
545,15003,003,Honolulu,HI
546,15007,007,Kauai,HI
547,15009,009,Maui,HI
548,16001,001,Ada,ID
549,16003,003,Adams,ID
550,16005,005,Bannock,ID
551,16007,007,Bear Lake,ID
552,16009,009,Benewah,ID
553,16011,011,Bingham,ID
554,16013,013,Blaine,ID
555,16015,015,Boise,ID
556,16017,017,Bonner,ID
557,16019,019,Bonneville,ID
558,16021,021,Boundary,ID
559,16023,023,Butte,ID
560,16025,025,Camas,ID
561,16027,027,Canyon,ID
562,16029,029,Caribou,ID
563,16031,031,Cassia,ID
564,16033,033,Clark,ID
565,16035,035,Clearwater,ID
566,16037,037,Custer,ID
567,16039,039,Elmore,ID
568,16041,041,Franklin,ID
569,16043,043,Fremont,ID
570,16045,045,Gem,ID
571,16047,047,Gooding,ID
572,16049,049,Idaho,ID
573,16051,051,Jefferson,ID
574,16053,053,Jerome,ID
575,16055,055,Kootenai,ID
576,16057,057,Latah,ID
577,16059,059,Lemhi,ID
578,16061,061,Lewis,ID
579,16063,063,Lincoln,ID
580,16065,065,Madison,ID
581,16067,067,Minidoka,ID
582,16069,069,Nez Perce,ID
583,16071,071,Oneida,ID
584,16073,073,Owyhee,ID
585,16075,075,Payette,ID
586,16077,077,Power,ID
587,16079,079,Shoshone,ID
588,16081,081,Teton,ID
589,16083,083,Twin Falls,ID
590,16085,085,Valley,ID
591,16087,087,Washington,ID
592,17001,001,Adams,IL
593,17003,003,Alexander,IL
594,17005,005,Bond,IL
595,17007,007,Boone,IL
596,17009,009,Brown,IL
597,17011,011,Bureau,IL
598,17013,013,Calhoun,IL
599,17015,015,Carroll,IL
600,17017,017,Cass,IL
601,17019,019,Champaign,IL
602,17021,021,Christian,IL
603,17023,023,Clark,IL
604,17025,025,Clay,IL
605,17027,027,Clinton,IL
606,17029,029,Coles,IL
607,17031,031,Cook,IL
608,17033,033,Crawford,IL
609,17035,035,Cumberland,IL
610,17037,037,De Kalb,IL
611,17039,039,De Witt,IL
612,17041,041,Douglas,IL
613,17043,043,Du Page,IL
614,17045,045,Edgar,IL
615,17047,047,Edwards,IL
616,17049,049,Effingham,IL
617,17051,051,Fayette,IL
618,17053,053,Ford,IL
619,17055,055,Franklin,IL
620,17057,057,Fulton,IL
621,17059,059,Gallatin,IL
622,17061,061,Greene,IL
623,17063,063,Grundy,IL
624,17065,065,Hamilton,IL
625,17067,067,Hancock,IL
626,17069,069,Hardin,IL
627,17071,071,Henderson,IL
628,17073,073,Henry,IL
629,17075,075,Iroquois,IL
630,17077,077,Jackson,IL
631,17079,079,Jasper,IL
632,17081,081,Jefferson,IL
633,17083,083,Jersey,IL
634,17085,085,Jo Daviess,IL
635,17087,087,Johnson,IL
636,17089,089,Kane,IL
637,17091,091,Kankakee,IL
638,17093,093,Kendall,IL
639,17095,095,Knox,IL
640,17097,097,Lake,IL
641,17099,099,La Salle,IL
642,17101,101,Lawrence,IL
643,17103,103,Lee,IL
644,17105,105,Livingston,IL
645,17107,107,Logan,IL
646,17109,109,McDonough,IL
647,17111,111,McHenry,IL
648,17113,113,McLean,IL
649,17115,115,Macon,IL
650,17117,117,Macoupin,IL
651,17119,119,Madison,IL
652,17121,121,Marion,IL
653,17123,123,Marshall,IL
654,17125,125,Mason,IL
655,17127,127,Massac,IL
656,17129,129,Menard,IL
657,17131,131,Mercer,IL
658,17133,133,Monroe,IL
659,17135,135,Montgomery,IL
660,17137,137,Morgan,IL
661,17139,139,Moultrie,IL
662,17141,141,Ogle,IL
663,17143,143,Peoria,IL
664,17145,145,Perry,IL
665,17147,147,Piatt,IL
666,17149,149,Pike,IL
667,17151,151,Pope,IL
668,17153,153,Pulaski,IL
669,17155,155,Putnam,IL
670,17157,157,Randolph,IL
671,17159,159,Richland,IL
672,17161,161,Rock Island,IL
673,17163,163,St Clair,IL
674,17165,165,Saline,IL
675,17167,167,Sangamon,IL
676,17169,169,Schuyler,IL
677,17171,171,Scott,IL
678,17173,173,Shelby,IL
679,17175,175,Stark,IL
680,17177,177,Stephenson,IL
681,17179,179,Tazewell,IL
682,17181,181,Union,IL
683,17183,183,Vermilion,IL
684,17185,185,Wabash,IL
685,17187,187,Warren,IL
686,17189,189,Washington,IL
687,17191,191,Wayne,IL
688,17193,193,White,IL
689,17195,195,Whiteside,IL
690,17197,197,Will,IL
691,17199,199,Williamson,IL
692,17201,201,Winnebago,IL
693,17203,203,Woodford,IL
694,18001,001,Adams,IN
695,18003,003,Allen,IN
696,18005,005,Bartholomew,IN
697,18007,007,Benton,IN
698,18009,009,Blackford,IN
699,18011,011,Boone,IN
700,18013,013,Brown,IN
701,18015,015,Carroll,IN
702,18017,017,Cass,IN
703,18019,019,Clark,IN
704,18021,021,Clay,IN
705,18023,023,Clinton,IN
706,18025,025,Crawford,IN
707,18027,027,Daviess,IN
708,18029,029,Dearborn,IN
709,18031,031,Decatur,IN
710,18033,033,De Kalb,IN
711,18035,035,Delaware,IN
712,18037,037,Dubois,IN
713,18039,039,Elkhart,IN
714,18041,041,Fayette,IN
715,18043,043,Floyd,IN
716,18045,045,Fountain,IN
717,18047,047,Franklin,IN
718,18049,049,Fulton,IN
719,18051,051,Gibson,IN
720,18053,053,Grant,IN
721,18055,055,Greene,IN
722,18057,057,Hamilton,IN
723,18059,059,Hancock,IN
724,18061,061,Harrison,IN
725,18063,063,Hendricks,IN
726,18065,065,Henry,IN
727,18067,067,Howard,IN
728,18069,069,Huntington,IN
729,18071,071,Jackson,IN
730,18073,073,Jasper,IN
731,18075,075,Jay,IN
732,18077,077,Jefferson,IN
733,18079,079,Jennings,IN
734,18081,081,Johnson,IN
735,18083,083,Knox,IN
736,18085,085,Kosciusko,IN
737,18087,087,La Grange,IN
738,18089,089,Lake,IN
739,18091,091,La Porte,IN
740,18093,093,Lawrence,IN
741,18095,095,Madison,IN
742,18097,097,Marion,IN
743,18099,099,Marshall,IN
744,18101,101,Martin,IN
745,18103,103,Miami,IN
746,18105,105,Monroe,IN
747,18107,107,Montgomery,IN
748,18109,109,Morgan,IN
749,18111,111,Newton,IN
750,18113,113,Noble,IN
751,18115,115,Ohio,IN
752,18117,117,Orange,IN
753,18119,119,Owen,IN
754,18121,121,Parke,IN
755,18123,123,Perry,IN
756,18125,125,Pike,IN
757,18127,127,Porter,IN
758,18129,129,Posey,IN
759,18131,131,Pulaski,IN
760,18133,133,Putnam,IN
761,18135,135,Randolph,IN
762,18137,137,Ripley,IN
763,18139,139,Rush,IN
764,18141,141,St Joseph,IN
765,18143,143,Scott,IN
766,18145,145,Shelby,IN
767,18147,147,Spencer,IN
768,18149,149,Starke,IN
769,18151,151,Steuben,IN
770,18153,153,Sullivan,IN
771,18155,155,Switzerland,IN
772,18157,157,Tippecanoe,IN
773,18159,159,Tipton,IN
774,18161,161,Union,IN
775,18163,163,Vanderburgh,IN
776,18165,165,Vermillion,IN
777,18167,167,Vigo,IN
778,18169,169,Wabash,IN
779,18171,171,Warren,IN
780,18173,173,Warrick,IN
781,18175,175,Washington,IN
782,18177,177,Wayne,IN
783,18179,179,Wells,IN
784,18181,181,White,IN
785,18183,183,Whitley,IN
786,19001,001,Adair,IA
787,19003,003,Adams,IA
788,19005,005,Allamakee,IA
789,19007,007,Appanoose,IA
790,19009,009,Audubon,IA
791,19011,011,Benton,IA
792,19013,013,Black Hawk,IA
793,19015,015,Boone,IA
794,19017,017,Bremer,IA
795,19019,019,Buchanan,IA
796,19021,021,Buena Vista,IA
797,19023,023,Butler,IA
798,19025,025,Calhoun,IA
799,19027,027,Carroll,IA
800,19029,029,Cass,IA
801,19031,031,Cedar,IA
802,19033,033,Cerro Gordo,IA
803,19035,035,Cherokee,IA
804,19037,037,Chickasaw,IA
805,19039,039,Clarke,IA
806,19041,041,Clay,IA
807,19043,043,Clayton,IA
808,19045,045,Clinton,IA
809,19047,047,Crawford,IA
810,19049,049,Dallas,IA
811,19051,051,Davis,IA
812,19053,053,Decatur,IA
813,19055,055,Delaware,IA
814,19057,057,Des Moines,IA
815,19059,059,Dickinson,IA
816,19061,061,Dubuque,IA
817,19063,063,Emmet,IA
818,19065,065,Fayette,IA
819,19067,067,Floyd,IA
820,19069,069,Franklin,IA
821,19071,071,Fremont,IA
822,19073,073,Greene,IA
823,19075,075,Grundy,IA
824,19077,077,Guthrie,IA
825,19079,079,Hamilton,IA
826,19081,081,Hancock,IA
827,19083,083,Hardin,IA
828,19085,085,Harrison,IA
829,19087,087,Henry,IA
830,19089,089,Howard,IA
831,19091,091,Humboldt,IA
832,19093,093,Ida,IA
833,19095,095,Iowa,IA
834,19097,097,Jackson,IA
835,19099,099,Jasper,IA
836,19101,101,Jefferson,IA
837,19103,103,Johnson,IA
838,19105,105,Jones,IA
839,19107,107,Keokuk,IA
840,19109,109,Kossuth,IA
841,19111,111,Lee,IA
842,19113,113,Linn,IA
843,19115,115,Louisa,IA
844,19117,117,Lucas,IA
845,19119,119,Lyon,IA
846,19121,121,Madison,IA
847,19123,123,Mahaska,IA
848,19125,125,Marion,IA
849,19127,127,Marshall,IA
850,19129,129,Mills,IA
851,19131,131,Mitchell,IA
852,19133,133,Monona,IA
853,19135,135,Monroe,IA
854,19137,137,Montgomery,IA
855,19139,139,Muscatine,IA
856,19141,141,O Brien,IA
857,19143,143,Osceola,IA
858,19145,145,Page,IA
859,19147,147,Palo Alto,IA
860,19149,149,Plymouth,IA
861,19151,151,Pocahontas,IA
862,19153,153,Polk,IA
863,19155,155,Pottawattamie,IA
864,19157,157,Poweshiek,IA
865,19159,159,Ringgold,IA
866,19161,161,Sac,IA
867,19163,163,Scott,IA
868,19165,165,Shelby,IA
869,19167,167,Sioux,IA
870,19169,169,Story,IA
871,19171,171,Tama,IA
872,19173,173,Taylor,IA
873,19175,175,Union,IA
874,19177,177,Van Buren,IA
875,19179,179,Wapello,IA
876,19181,181,Warren,IA
877,19183,183,Washington,IA
878,19185,185,Wayne,IA
879,19187,187,Webster,IA
880,19189,189,Winnebago,IA
881,19191,191,Winneshiek,IA
882,19193,193,Woodbury,IA
883,19195,195,Worth,IA
884,19197,197,Wright,IA
885,20001,001,Allen,KS
886,20003,003,Anderson,KS
887,20005,005,Atchison,KS
888,20007,007,Barber,KS
889,20009,009,Barton,KS
890,20011,011,Bourbon,KS
891,20013,013,Brown,KS
892,20015,015,Butler,KS
893,20017,017,Chase,KS
894,20019,019,Chautauqua,KS
895,20021,021,Cherokee,KS
896,20023,023,Cheyenne,KS
897,20025,025,Clark,KS
898,20027,027,Clay,KS
899,20029,029,Cloud,KS
900,20031,031,Coffey,KS
901,20033,033,Comanche,KS
902,20035,035,Cowley,KS
903,20037,037,Crawford,KS
904,20039,039,Decatur,KS
905,20041,041,Dickinson,KS
906,20043,043,Doniphan,KS
907,20045,045,Douglas,KS
908,20047,047,Edwards,KS
909,20049,049,Elk,KS
910,20051,051,Ellis,KS
911,20053,053,Ellsworth,KS
912,20055,055,Finney,KS
913,20057,057,Ford,KS
914,20059,059,Franklin,KS
915,20061,061,Geary,KS
916,20063,063,Gove,KS
917,20065,065,Graham,KS
918,20067,067,Grant,KS
919,20069,069,Gray,KS
920,20071,071,Greeley,KS
921,20073,073,Greenwood,KS
922,20075,075,Hamilton,KS
923,20077,077,Harper,KS
924,20079,079,Harvey,KS
925,20081,081,Haskell,KS
926,20083,083,Hodgeman,KS
927,20085,085,Jackson,KS
928,20087,087,Jefferson,KS
929,20089,089,Jewell,KS
930,20091,091,Johnson,KS
931,20093,093,Kearny,KS
932,20095,095,Kingman,KS
933,20097,097,Kiowa,KS
934,20099,099,Labette,KS
935,20101,101,Lane,KS
936,20103,103,Leavenworth,KS
937,20105,105,Lincoln,KS
938,20107,107,Linn,KS
939,20109,109,Logan,KS
940,20111,111,Lyon,KS
941,20113,113,McPherson,KS
942,20115,115,Marion,KS
943,20117,117,Marshall,KS
944,20119,119,Meade,KS
945,20121,121,Miami,KS
946,20123,123,Mitchell,KS
947,20125,125,Montgomery,KS
948,20127,127,Morris,KS
949,20129,129,Morton,KS
950,20131,131,Nemaha,KS
951,20133,133,Neosho,KS
952,20135,135,Ness,KS
953,20137,137,Norton,KS
954,20139,139,Osage,KS
955,20141,141,Osborne,KS
956,20143,143,Ottawa,KS
957,20145,145,Pawnee,KS
958,20147,147,Phillips,KS
959,20149,149,Pottawatomie,KS
960,20151,151,Pratt,KS
961,20153,153,Rawlins,KS
962,20155,155,Reno,KS
963,20157,157,Republic,KS
964,20159,159,Rice,KS
965,20161,161,Riley,KS
966,20163,163,Rooks,KS
967,20165,165,Rush,KS
968,20167,167,Russell,KS
969,20169,169,Saline,KS
970,20171,171,Scott,KS
971,20173,173,Sedgwick,KS
972,20175,175,Seward,KS
973,20177,177,Shawnee,KS
974,20179,179,Sheridan,KS
975,20181,181,Sherman,KS
976,20183,183,Smith,KS
977,20185,185,Stafford,KS
978,20187,187,Stanton,KS
979,20189,189,Stevens,KS
980,20191,191,Sumner,KS
981,20193,193,Thomas,KS
982,20195,195,Trego,KS
983,20197,197,Wabaunsee,KS
984,20199,199,Wallace,KS
985,20201,201,Washington,KS
986,20203,203,Wichita,KS
987,20205,205,Wilson,KS
988,20207,207,Woodson,KS
989,20209,209,Wyandotte,KS
990,21001,001,Adair,KY
991,21003,003,Allen,KY
992,21005,005,Anderson,KY
993,21007,007,Ballard,KY
994,21009,009,Barren,KY
995,21011,011,Bath,KY
996,21013,013,Bell,KY
997,21015,015,Boone,KY
998,21017,017,Bourbon,KY
999,21019,019,Boyd,KY
1000,21021,021,Boyle,KY
1001,21023,023,Bracken,KY
1002,21025,025,Breathitt,KY
1003,21027,027,Breckinridge,KY
1004,21029,029,Bullitt,KY
1005,21031,031,Butler,KY
1006,21033,033,Caldwell,KY
1007,21035,035,Calloway,KY
1008,21037,037,Campbell,KY
1009,21039,039,Carlisle,KY
1010,21041,041,Carroll,KY
1011,21043,043,Carter,KY
1012,21045,045,Casey,KY
1013,21047,047,Christian,KY
1014,21049,049,Clark,KY
1015,21051,051,Clay,KY
1016,21053,053,Clinton,KY
1017,21055,055,Crittenden,KY
1018,21057,057,Cumberland,KY
1019,21059,059,Daviess,KY
1020,21061,061,Edmonson,KY
1021,21063,063,Elliott,KY
1022,21065,065,Estill,KY
1023,21067,067,Fayette,KY
1024,21069,069,Fleming,KY
1025,21071,071,Floyd,KY
1026,21073,073,Franklin,KY
1027,21075,075,Fulton,KY
1028,21077,077,Gallatin,KY
1029,21079,079,Garrard,KY
1030,21081,081,Grant,KY
1031,21083,083,Graves,KY
1032,21085,085,Grayson,KY
1033,21087,087,Green,KY
1034,21089,089,Greenup,KY
1035,21091,091,Hancock,KY
1036,21093,093,Hardin,KY
1037,21095,095,Harlan,KY
1038,21097,097,Harrison,KY
1039,21099,099,Hart,KY
1040,21101,101,Henderson,KY
1041,21103,103,Henry,KY
1042,21105,105,Hickman,KY
1043,21107,107,Hopkins,KY
1044,21109,109,Jackson,KY
1045,21111,111,Jefferson,KY
1046,21113,113,Jessamine,KY
1047,21115,115,Johnson,KY
1048,21117,117,Kenton,KY
1049,21119,119,Knott,KY
1050,21121,121,Knox,KY
1051,21123,123,Larue,KY
1052,21125,125,Laurel,KY
1053,21127,127,Lawrence,KY
1054,21129,129,Lee,KY
1055,21131,131,Leslie,KY
1056,21133,133,Letcher,KY
1057,21135,135,Lewis,KY
1058,21137,137,Lincoln,KY
1059,21139,139,Livingston,KY
1060,21141,141,Logan,KY
1061,21143,143,Lyon,KY
1062,21145,145,McCracken,KY
1063,21147,147,McCreary,KY
1064,21149,149,McLean,KY
1065,21151,151,Madison,KY
1066,21153,153,Magoffin,KY
1067,21155,155,Marion,KY
1068,21157,157,Marshall,KY
1069,21159,159,Martin,KY
1070,21161,161,Mason,KY
1071,21163,163,Meade,KY
1072,21165,165,Menifee,KY
1073,21167,167,Mercer,KY
1074,21169,169,Metcalfe,KY
1075,21171,171,Monroe,KY
1076,21173,173,Montgomery,KY
1077,21175,175,Morgan,KY
1078,21177,177,Muhlenberg,KY
1079,21179,179,Nelson,KY
1080,21181,181,Nicholas,KY
1081,21183,183,Ohio,KY
1082,21185,185,Oldham,KY
1083,21187,187,Owen,KY
1084,21189,189,Owsley,KY
1085,21191,191,Pendleton,KY
1086,21193,193,Perry,KY
1087,21195,195,Pike,KY
1088,21197,197,Powell,KY
1089,21199,199,Pulaski,KY
1090,21201,201,Robertson,KY
1091,21203,203,Rockcastle,KY
1092,21205,205,Rowan,KY
1093,21207,207,Russell,KY
1094,21209,209,Scott,KY
1095,21211,211,Shelby,KY
1096,21213,213,Simpson,KY
1097,21215,215,Spencer,KY
1098,21217,217,Taylor,KY
1099,21219,219,Todd,KY
1100,21221,221,Trigg,KY
1101,21223,223,Trimble,KY
1102,21225,225,Union,KY
1103,21227,227,Warren,KY
1104,21229,229,Washington,KY
1105,21231,231,Wayne,KY
1106,21233,233,Webster,KY
1107,21235,235,Whitley,KY
1108,21237,237,Wolfe,KY
1109,21239,239,Woodford,KY
1110,22001,001,Acadia,LA
1111,22003,003,Allen,LA
1112,22005,005,Ascension,LA
1113,22007,007,Assumption,LA
1114,22009,009,Avoyelles,LA
1115,22011,011,Beauregard,LA
1116,22013,013,Bienville,LA
1117,22015,015,Bossier,LA
1118,22017,017,Caddo,LA
1119,22019,019,Calcasieu,LA
1120,22021,021,Caldwell,LA
1121,22023,023,Cameron,LA
1122,22025,025,Catahoula,LA
1123,22027,027,Claiborne,LA
1124,22029,029,Concordia,LA
1125,22031,031,De Soto,LA
1126,22033,033,East Baton Rouge,LA
1127,22035,035,East Carroll,LA
1128,22037,037,East Feliciana,LA
1129,22039,039,Evangeline,LA
1130,22041,041,Franklin,LA
1131,22043,043,Grant,LA
1132,22045,045,Iberia,LA
1133,22047,047,Iberville,LA
1134,22049,049,Jackson,LA
1135,22051,051,Jefferson,LA
1136,22053,053,Jefferson Davis,LA
1137,22055,055,Lafayette,LA
1138,22057,057,Lafourche,LA
1139,22059,059,La Salle,LA
1140,22061,061,Lincoln,LA
1141,22063,063,Livingston,LA
1142,22065,065,Madison,LA
1143,22067,067,Morehouse,LA
1144,22069,069,Natchitoches,LA
1145,22071,071,Orleans,LA
1146,22073,073,Ouachita,LA
1147,22075,075,Plaquemines,LA
1148,22077,077,Pointe Coupee,LA
1149,22079,079,Rapides,LA
1150,22081,081,Red River,LA
1151,22083,083,Richland,LA
1152,22085,085,Sabine,LA
1153,22087,087,St Bernard,LA
1154,22089,089,St Charles,LA
1155,22091,091,St Helena,LA
1156,22093,093,St James,LA
1157,22095,095,St John the Baptist,LA
1158,22097,097,St Landry,LA
1159,22099,099,St Martin,LA
1160,22101,101,St Mary,LA
1161,22103,103,St Tammany,LA
1162,22105,105,Tangipahoa,LA
1163,22107,107,Tensas,LA
1164,22109,109,Terrebonne,LA
1165,22111,111,Union,LA
1166,22113,113,Vermilion,LA
1167,22115,115,Vernon,LA
1168,22117,117,Washington,LA
1169,22119,119,Webster,LA
1170,22121,121,West Baton Rouge,LA
1171,22123,123,West Carroll,LA
1172,22125,125,West Feliciana,LA
1173,22127,127,Winn,LA
1174,23001,001,Androscoggin,ME
1175,23003,003,Aroostook,ME
1176,23005,005,Cumberland,ME
1177,23007,007,Franklin,ME
1178,23009,009,Hancock,ME
1179,23011,011,Kennebec,ME
1180,23013,013,Knox,ME
1181,23015,015,Lincoln,ME
1182,23017,017,Oxford,ME
1183,23019,019,Penobscot,ME
1184,23021,021,Piscataquis,ME
1185,23023,023,Sagadahoc,ME
1186,23025,025,Somerset,ME
1187,23027,027,Waldo,ME
1188,23029,029,Washington,ME
1189,23031,031,York,ME
1190,24001,001,Allegany,MD
1191,24003,003,Anne Arundel,MD
1192,24005,005,Baltimore,MD
1193,24009,009,Calvert,MD
1194,24011,011,Caroline,MD
1195,24013,013,Carroll,MD
1196,24015,015,Cecil,MD
1197,24017,017,Charles,MD
1198,24019,019,Dorchester,MD
1199,24021,021,Frederick,MD
1200,24023,023,Garrett,MD
1201,24025,025,Harford,MD
1202,24027,027,Howard,MD
1203,24029,029,Kent,MD
1204,24031,031,Montgomery,MD
1205,24033,033,Prince Georges,MD
1206,24035,035,Queen Annes,MD
1207,24037,037,St Marys,MD
1208,24039,039,Somerset,MD
1209,24041,041,Talbot,MD
1210,24043,043,Washington,MD
1211,24045,045,Wicomico,MD
1212,24047,047,Worcester,MD
1213,24510,510,Baltimore City,MD
1214,25001,001,Barnstable,MA
1215,25003,003,Berkshire,MA
1216,25005,005,Bristol,MA
1217,25007,007,Dukes,MA
1218,25009,009,Essex,MA
1219,25011,011,Franklin,MA
1220,25013,013,Hampden,MA
1221,25015,015,Hampshire,MA
1222,25017,017,Middlesex,MA
1223,25019,019,Nantucket,MA
1224,25021,021,Norfolk,MA
1225,25023,023,Plymouth,MA
1226,25025,025,Suffolk,MA
1227,25027,027,Worcester,MA
1228,26001,001,Alcona,MI
1229,26003,003,Alger,MI
1230,26005,005,Allegan,MI
1231,26007,007,Alpena,MI
1232,26009,009,Antrim,MI
1233,26011,011,Arenac,MI
1234,26013,013,Baraga,MI
1235,26015,015,Barry,MI
1236,26017,017,Bay,MI
1237,26019,019,Benzie,MI
1238,26021,021,Berrien,MI
1239,26023,023,Branch,MI
1240,26025,025,Calhoun,MI
1241,26027,027,Cass,MI
1242,26029,029,Charlevoix,MI
1243,26031,031,Cheboygan,MI
1244,26033,033,Chippewa,MI
1245,26035,035,Clare,MI
1246,26037,037,Clinton,MI
1247,26039,039,Crawford,MI
1248,26041,041,Delta,MI
1249,26043,043,Dickinson,MI
1250,26045,045,Eaton,MI
1251,26047,047,Emmet,MI
1252,26049,049,Genesee,MI
1253,26051,051,Gladwin,MI
1254,26053,053,Gogebic,MI
1255,26055,055,Grand Traverse,MI
1256,26057,057,Gratiot,MI
1257,26059,059,Hillsdale,MI
1258,26061,061,Houghton,MI
1259,26063,063,Huron,MI
1260,26065,065,Ingham,MI
1261,26067,067,Ionia,MI
1262,26069,069,Iosco,MI
1263,26071,071,Iron,MI
1264,26073,073,Isabella,MI
1265,26075,075,Jackson,MI
1266,26077,077,Kalamazoo,MI
1267,26079,079,Kalkaska,MI
1268,26081,081,Kent,MI
1269,26083,083,Keweenaw,MI
1270,26085,085,Lake,MI
1271,26087,087,Lapeer,MI
1272,26089,089,Leelanau,MI
1273,26091,091,Lenawee,MI
1274,26093,093,Livingston,MI
1275,26095,095,Luce,MI
1276,26097,097,Mackinac,MI
1277,26099,099,Macomb,MI
1278,26101,101,Manistee,MI
1279,26103,103,Marquette,MI
1280,26105,105,Mason,MI
1281,26107,107,Mecosta,MI
1282,26109,109,Menominee,MI
1283,26111,111,Midland,MI
1284,26113,113,Missaukee,MI
1285,26115,115,Monroe,MI
1286,26117,117,Montcalm,MI
1287,26119,119,Montmorency,MI
1288,26121,121,Muskegon,MI
1289,26123,123,Newaygo,MI
1290,26125,125,Oakland,MI
1291,26127,127,Oceana,MI
1292,26129,129,Ogemaw,MI
1293,26131,131,Ontonagon,MI
1294,26133,133,Osceola,MI
1295,26135,135,Oscoda,MI
1296,26137,137,Otsego,MI
1297,26139,139,Ottawa,MI
1298,26141,141,Presque Isle,MI
1299,26143,143,Roscommon,MI
1300,26145,145,Saginaw,MI
1301,26147,147,St Clair,MI
1302,26149,149,St Joseph,MI
1303,26151,151,Sanilac,MI
1304,26153,153,Schoolcraft,MI
1305,26155,155,Shiawassee,MI
1306,26157,157,Tuscola,MI
1307,26159,159,Van Buren,MI
1308,26161,161,Washtenaw,MI
1309,26163,163,Wayne,MI
1310,26165,165,Wexford,MI
1311,27001,001,Aitkin,MN
1312,27003,003,Anoka,MN
1313,27005,005,Becker,MN
1314,27007,007,Beltrami,MN
1315,27009,009,Benton,MN
1316,27011,011,Big Stone,MN
1317,27013,013,Blue Earth,MN
1318,27015,015,Brown,MN
1319,27017,017,Carlton,MN
1320,27019,019,Carver,MN
1321,27021,021,Cass,MN
1322,27023,023,Chippewa,MN
1323,27025,025,Chisago,MN
1324,27027,027,Clay,MN
1325,27029,029,Clearwater,MN
1326,27031,031,Cook,MN
1327,27033,033,Cottonwood,MN
1328,27035,035,Crow Wing,MN
1329,27037,037,Dakota,MN
1330,27039,039,Dodge,MN
1331,27041,041,Douglas,MN
1332,27043,043,Faribault,MN
1333,27045,045,Fillmore,MN
1334,27047,047,Freeborn,MN
1335,27049,049,Goodhue,MN
1336,27051,051,Grant,MN
1337,27053,053,Hennepin,MN
1338,27055,055,Houston,MN
1339,27057,057,Hubbard,MN
1340,27059,059,Isanti,MN
1341,27061,061,Itasca,MN
1342,27063,063,Jackson,MN
1343,27065,065,Kanabec,MN
1344,27067,067,Kandiyohi,MN
1345,27069,069,Kittson,MN
1346,27071,071,Koochiching,MN
1347,27073,073,Lac qui Parle,MN
1348,27075,075,Lake,MN
1349,27077,077,Lake of the Woods,MN
1350,27079,079,Le Sueur,MN
1351,27081,081,Lincoln,MN
1352,27083,083,Lyon,MN
1353,27085,085,McLeod,MN
1354,27087,087,Mahnomen,MN
1355,27089,089,Marshall,MN
1356,27091,091,Martin,MN
1357,27093,093,Meeker,MN
1358,27095,095,Mille Lacs,MN
1359,27097,097,Morrison,MN
1360,27099,099,Mower,MN
1361,27101,101,Murray,MN
1362,27103,103,Nicollet,MN
1363,27105,105,Nobles,MN
1364,27107,107,Norman,MN
1365,27109,109,Olmsted,MN
1366,27111,111,Otter Tail,MN
1367,27113,113,Pennington,MN
1368,27115,115,Pine,MN
1369,27117,117,Pipestone,MN
1370,27119,119,Polk,MN
1371,27121,121,Pope,MN
1372,27123,123,Ramsey,MN
1373,27125,125,Red Lake,MN
1374,27127,127,Redwood,MN
1375,27129,129,Renville,MN
1376,27131,131,Rice,MN
1377,27133,133,Rock,MN
1378,27135,135,Roseau,MN
1379,27137,137,St Louis,MN
1380,27139,139,Scott,MN
1381,27141,141,Sherburne,MN
1382,27143,143,Sibley,MN
1383,27145,145,Stearns,MN
1384,27147,147,Steele,MN
1385,27149,149,Stevens,MN
1386,27151,151,Swift,MN
1387,27153,153,Todd,MN
1388,27155,155,Traverse,MN
1389,27157,157,Wabasha,MN
1390,27159,159,Wadena,MN
1391,27161,161,Waseca,MN
1392,27163,163,Washington,MN
1393,27165,165,Watonwan,MN
1394,27167,167,Wilkin,MN
1395,27169,169,Winona,MN
1396,27171,171,Wright,MN
1397,27173,173,Yellow Medicine,MN
1398,28001,001,Adams,MS
1399,28003,003,Alcorn,MS
1400,28005,005,Amite,MS
1401,28007,007,Attala,MS
1402,28009,009,Benton,MS
1403,28011,011,Bolivar,MS
1404,28013,013,Calhoun,MS
1405,28015,015,Carroll,MS
1406,28017,017,Chickasaw,MS
1407,28019,019,Choctaw,MS
1408,28021,021,Claiborne,MS
1409,28023,023,Clarke,MS
1410,28025,025,Clay,MS
1411,28027,027,Coahoma,MS
1412,28029,029,Copiah,MS
1413,28031,031,Covington,MS
1414,28033,033,De Soto,MS
1415,28035,035,Forrest,MS
1416,28037,037,Franklin,MS
1417,28039,039,George,MS
1418,28041,041,Greene,MS
1419,28043,043,Grenada,MS
1420,28045,045,Hancock,MS
1421,28047,047,Harrison,MS
1422,28049,049,Hinds,MS
1423,28051,051,Holmes,MS
1424,28053,053,Humphreys,MS
1425,28055,055,Issaquena,MS
1426,28057,057,Itawamba,MS
1427,28059,059,Jackson,MS
1428,28061,061,Jasper,MS
1429,28063,063,Jefferson,MS
1430,28065,065,Jefferson Davis,MS
1431,28067,067,Jones,MS
1432,28069,069,Kemper,MS
1433,28071,071,Lafayette,MS
1434,28073,073,Lamar,MS
1435,28075,075,Lauderdale,MS
1436,28077,077,Lawrence,MS
1437,28079,079,Leake,MS
1438,28081,081,Lee,MS
1439,28083,083,Leflore,MS
1440,28085,085,Lincoln,MS
1441,28087,087,Lowndes,MS
1442,28089,089,Madison,MS
1443,28091,091,Marion,MS
1444,28093,093,Marshall,MS
1445,28095,095,Monroe,MS
1446,28097,097,Montgomery,MS
1447,28099,099,Neshoba,MS
1448,28101,101,Newton,MS
1449,28103,103,Noxubee,MS
1450,28105,105,Oktibbeha,MS
1451,28107,107,Panola,MS
1452,28109,109,Pearl River,MS
1453,28111,111,Perry,MS
1454,28113,113,Pike,MS
1455,28115,115,Pontotoc,MS
1456,28117,117,Prentiss,MS
1457,28119,119,Quitman,MS
1458,28121,121,Rankin,MS
1459,28123,123,Scott,MS
1460,28125,125,Sharkey,MS
1461,28127,127,Simpson,MS
1462,28129,129,Smith,MS
1463,28131,131,Stone,MS
1464,28133,133,Sunflower,MS
1465,28135,135,Tallahatchie,MS
1466,28137,137,Tate,MS
1467,28139,139,Tippah,MS
1468,28141,141,Tishomingo,MS
1469,28143,143,Tunica,MS
1470,28145,145,Union,MS
1471,28147,147,Walthall,MS
1472,28149,149,Warren,MS
1473,28151,151,Washington,MS
1474,28153,153,Wayne,MS
1475,28155,155,Webster,MS
1476,28157,157,Wilkinson,MS
1477,28159,159,Winston,MS
1478,28161,161,Yalobusha,MS
1479,28163,163,Yazoo,MS
1480,29001,001,Adair,MO
1481,29003,003,Andrew,MO
1482,29005,005,Atchison,MO
1483,29007,007,Audrain,MO
1484,29009,009,Barry,MO
1485,29011,011,Barton,MO
1486,29013,013,Bates,MO
1487,29015,015,Benton,MO
1488,29017,017,Bollinger,MO
1489,29019,019,Boone,MO
1490,29021,021,Buchanan,MO
1491,29023,023,Butler,MO
1492,29025,025,Caldwell,MO
1493,29027,027,Callaway,MO
1494,29029,029,Camden,MO
1495,29031,031,Cape Girardeau,MO
1496,29033,033,Carroll,MO
1497,29035,035,Carter,MO
1498,29037,037,Cass,MO
1499,29039,039,Cedar,MO
1500,29041,041,Chariton,MO
1501,29043,043,Christian,MO
1502,29045,045,Clark,MO
1503,29047,047,Clay,MO
1504,29049,049,Clinton,MO
1505,29051,051,Cole,MO
1506,29053,053,Cooper,MO
1507,29055,055,Crawford,MO
1508,29057,057,Dade,MO
1509,29059,059,Dallas,MO
1510,29061,061,Daviess,MO
1511,29063,063,De Kalb,MO
1512,29065,065,Dent,MO
1513,29067,067,Douglas,MO
1514,29069,069,Dunklin,MO
1515,29071,071,Franklin,MO
1516,29073,073,Gasconade,MO
1517,29075,075,Gentry,MO
1518,29077,077,Greene,MO
1519,29079,079,Grundy,MO
1520,29081,081,Harrison,MO
1521,29083,083,Henry,MO
1522,29085,085,Hickory,MO
1523,29087,087,Holt,MO
1524,29089,089,Howard,MO
1525,29091,091,Howell,MO
1526,29093,093,Iron,MO
1527,29095,095,Jackson,MO
1528,29097,097,Jasper,MO
1529,29099,099,Jefferson,MO
1530,29101,101,Johnson,MO
1531,29103,103,Knox,MO
1532,29105,105,Laclede,MO
1533,29107,107,Lafayette,MO
1534,29109,109,Lawrence,MO
1535,29111,111,Lewis,MO
1536,29113,113,Lincoln,MO
1537,29115,115,Linn,MO
1538,29117,117,Livingston,MO
1539,29119,119,McDonald,MO
1540,29121,121,Macon,MO
1541,29123,123,Madison,MO
1542,29125,125,Maries,MO
1543,29127,127,Marion,MO
1544,29129,129,Mercer,MO
1545,29131,131,Miller,MO
1546,29133,133,Mississippi,MO
1547,29135,135,Moniteau,MO
1548,29137,137,Monroe,MO
1549,29139,139,Montgomery,MO
1550,29141,141,Morgan,MO
1551,29143,143,New Madrid,MO
1552,29145,145,Newton,MO
1553,29147,147,Nodaway,MO
1554,29149,149,Oregon,MO
1555,29151,151,Osage,MO
1556,29153,153,Ozark,MO
1557,29155,155,Pemiscot,MO
1558,29157,157,Perry,MO
1559,29159,159,Pettis,MO
1560,29161,161,Phelps,MO
1561,29163,163,Pike,MO
1562,29165,165,Platte,MO
1563,29167,167,Polk,MO
1564,29169,169,Pulaski,MO
1565,29171,171,Putnam,MO
1566,29173,173,Ralls,MO
1567,29175,175,Randolph,MO
1568,29177,177,Ray,MO
1569,29179,179,Reynolds,MO
1570,29181,181,Ripley,MO
1571,29183,183,St Charles,MO
1572,29185,185,St Clair,MO
1573,29186,186,Ste. Genevieve,MO
1574,29187,187,St Francois,MO
1575,29189,189,St Louis,MO
1576,29195,195,Saline,MO
1577,29197,197,Schuyler,MO
1578,29199,199,Scotland,MO
1579,29201,201,Scott,MO
1580,29203,203,Shannon,MO
1581,29205,205,Shelby,MO
1582,29207,207,Stoddard,MO
1583,29209,209,Stone,MO
1584,29211,211,Sullivan,MO
1585,29213,213,Taney,MO
1586,29215,215,Texas,MO
1587,29217,217,Vernon,MO
1588,29219,219,Warren,MO
1589,29221,221,Washington,MO
1590,29223,223,Wayne,MO
1591,29225,225,Webster,MO
1592,29227,227,Worth,MO
1593,29229,229,Wright,MO
1594,29510,510,St Louis City,MO
1595,30001,001,Beaverhead,MT
1596,30003,003,Big Horn,MT
1597,30005,005,Blaine,MT
1598,30007,007,Broadwater,MT
1599,30009,009,Carbon,MT
1600,30011,011,Carter,MT
1601,30013,013,Cascade,MT
1602,30015,015,Chouteau,MT
1603,30017,017,Custer,MT
1604,30019,019,Daniels,MT
1605,30021,021,Dawson,MT
1606,30023,023,Deer Lodge,MT
1607,30025,025,Fallon,MT
1608,30027,027,Fergus,MT
1609,30029,029,Flathead,MT
1610,30031,031,Gallatin,MT
1611,30033,033,Garfield,MT
1612,30035,035,Glacier,MT
1613,30037,037,Golden Valley,MT
1614,30039,039,Granite,MT
1615,30041,041,Hill,MT
1616,30043,043,Jefferson,MT
1617,30045,045,Judith Basin,MT
1618,30047,047,Lake,MT
1619,30049,049,Lewis and Clark,MT
1620,30051,051,Liberty,MT
1621,30053,053,Lincoln,MT
1622,30055,055,McCone,MT
1623,30057,057,Madison,MT
1624,30059,059,Meagher,MT
1625,30061,061,Mineral,MT
1626,30063,063,Missoula,MT
1627,30065,065,Musselshell,MT
1628,30067,067,Park,MT
1629,30069,069,Petroleum,MT
1630,30071,071,Phillips,MT
1631,30073,073,Pondera,MT
1632,30075,075,Powder River,MT
1633,30077,077,Powell,MT
1634,30079,079,Prairie,MT
1635,30081,081,Ravalli,MT
1636,30083,083,Richland,MT
1637,30085,085,Roosevelt,MT
1638,30087,087,Rosebud,MT
1639,30089,089,Sanders,MT
1640,30091,091,Sheridan,MT
1641,30093,093,Silver Bow,MT
1642,30095,095,Stillwater,MT
1643,30097,097,Sweet Grass,MT
1644,30099,099,Teton,MT
1645,30101,101,Toole,MT
1646,30103,103,Treasure,MT
1647,30105,105,Valley,MT
1648,30107,107,Wheatland,MT
1649,30109,109,Wibaux,MT
1650,30111,111,Yellowstone,MT
1651,30113,113,Yellowstone Nat Park,MT
1652,31001,001,Adams,NE
1653,31003,003,Antelope,NE
1654,31005,005,Arthur,NE
1655,31007,007,Banner,NE
1656,31009,009,Blaine,NE
1657,31011,011,Boone,NE
1658,31013,013,Box Butte,NE
1659,31015,015,Boyd,NE
1660,31017,017,Brown,NE
1661,31019,019,Buffalo,NE
1662,31021,021,Burt,NE
1663,31023,023,Butler,NE
1664,31025,025,Cass,NE
1665,31027,027,Cedar,NE
1666,31029,029,Chase,NE
1667,31031,031,Cherry,NE
1668,31033,033,Cheyenne,NE
1669,31035,035,Clay,NE
1670,31037,037,Colfax,NE
1671,31039,039,Cuming,NE
1672,31041,041,Custer,NE
1673,31043,043,Dakota,NE
1674,31045,045,Dawes,NE
1675,31047,047,Dawson,NE
1676,31049,049,Deuel,NE
1677,31051,051,Dixon,NE
1678,31053,053,Dodge,NE
1679,31055,055,Douglas,NE
1680,31057,057,Dundy,NE
1681,31059,059,Fillmore,NE
1682,31061,061,Franklin,NE
1683,31063,063,Frontier,NE
1684,31065,065,Furnas,NE
1685,31067,067,Gage,NE
1686,31069,069,Garden,NE
1687,31071,071,Garfield,NE
1688,31073,073,Gosper,NE
1689,31075,075,Grant,NE
1690,31077,077,Greeley,NE
1691,31079,079,Hall,NE
1692,31081,081,Hamilton,NE
1693,31083,083,Harlan,NE
1694,31085,085,Hayes,NE
1695,31087,087,Hitchcock,NE
1696,31089,089,Holt,NE
1697,31091,091,Hooker,NE
1698,31093,093,Howard,NE
1699,31095,095,Jefferson,NE
1700,31097,097,Johnson,NE
1701,31099,099,Kearney,NE
1702,31101,101,Keith,NE
1703,31103,103,Keya Paha,NE
1704,31105,105,Kimball,NE
1705,31107,107,Knox,NE
1706,31109,109,Lancaster,NE
1707,31111,111,Lincoln,NE
1708,31113,113,Logan,NE
1709,31115,115,Loup,NE
1710,31117,117,McPherson,NE
1711,31119,119,Madison,NE
1712,31121,121,Merrick,NE
1713,31123,123,Morrill,NE
1714,31125,125,Nance,NE
1715,31127,127,Nemaha,NE
1716,31129,129,Nuckolls,NE
1717,31131,131,Otoe,NE
1718,31133,133,Pawnee,NE
1719,31135,135,Perkins,NE
1720,31137,137,Phelps,NE
1721,31139,139,Pierce,NE
1722,31141,141,Platte,NE
1723,31143,143,Polk,NE
1724,31145,145,Red Willow,NE
1725,31147,147,Richardson,NE
1726,31149,149,Rock,NE
1727,31151,151,Saline,NE
1728,31153,153,Sarpy,NE
1729,31155,155,Saunders,NE
1730,31157,157,Scotts Bluff,NE
1731,31159,159,Seward,NE
1732,31161,161,Sheridan,NE
1733,31163,163,Sherman,NE
1734,31165,165,Sioux,NE
1735,31167,167,Stanton,NE
1736,31169,169,Thayer,NE
1737,31171,171,Thomas,NE
1738,31173,173,Thurston,NE
1739,31175,175,Valley,NE
1740,31177,177,Washington,NE
1741,31179,179,Wayne,NE
1742,31181,181,Webster,NE
1743,31183,183,Wheeler,NE
1744,31185,185,York,NE
1745,32001,001,Churchill,NV
1746,32003,003,Clark,NV
1747,32005,005,Douglas,NV
1748,32007,007,Elko,NV
1749,32009,009,Esmeralda,NV
1750,32011,011,Eureka,NV
1751,32013,013,Humboldt,NV
1752,32015,015,Lander,NV
1753,32017,017,Lincoln,NV
1754,32019,019,Lyon,NV
1755,32021,021,Mineral,NV
1756,32023,023,Nye,NV
1757,32027,027,Pershing,NV
1758,32029,029,Storey,NV
1759,32031,031,Washoe,NV
1760,32033,033,White Pine,NV
1761,32510,510,Carson City,NV
1762,33001,001,Belknap,NH
1763,33003,003,Carroll,NH
1764,33005,005,Cheshire,NH
1765,33007,007,Coos,NH
1766,33009,009,Grafton,NH
1767,33011,011,Hillsborough,NH
1768,33013,013,Merrimack,NH
1769,33015,015,Rockingham,NH
1770,33017,017,Strafford,NH
1771,33019,019,Sullivan,NH
1772,34001,001,Atlantic,NJ
1773,34003,003,Bergen,NJ
1774,34005,005,Burlington,NJ
1775,34007,007,Camden,NJ
1776,34009,009,Cape May,NJ
1777,34011,011,Cumberland,NJ
1778,34013,013,Essex,NJ
1779,34015,015,Gloucester,NJ
1780,34017,017,Hudson,NJ
1781,34019,019,Hunterdon,NJ
1782,34021,021,Mercer,NJ
1783,34023,023,Middlesex,NJ
1784,34025,025,Monmouth,NJ
1785,34027,027,Morris,NJ
1786,34029,029,Ocean,NJ
1787,34031,031,Passaic,NJ
1788,34033,033,Salem,NJ
1789,34035,035,Somerset,NJ
1790,34037,037,Sussex,NJ
1791,34039,039,Union,NJ
1792,34041,041,Warren,NJ
1793,35001,001,Bernalillo,NM
1794,35003,003,Catron,NM
1795,35005,005,Chaves,NM
1796,35006,006,Cibola,NM
1797,35007,007,Colfax,NM
1798,35009,009,Curry,NM
1799,35011,011,De Baca,NM
1800,35013,013,Dona Ana,NM
1801,35015,015,Eddy,NM
1802,35017,017,Grant,NM
1803,35019,019,Guadalupe,NM
1804,35021,021,Harding,NM
1805,35023,023,Hidalgo,NM
1806,35025,025,Lea,NM
1807,35027,027,Lincoln,NM
1808,35028,028,Los Alamos,NM
1809,35029,029,Luna,NM
1810,35031,031,McKinley,NM
1811,35033,033,Mora,NM
1812,35035,035,Otero,NM
1813,35037,037,Quay,NM
1814,35039,039,Rio Arriba,NM
1815,35041,041,Roosevelt,NM
1816,35043,043,Sandoval,NM
1817,35045,045,San Juan,NM
1818,35047,047,San Miguel,NM
1819,35049,049,Santa Fe,NM
1820,35051,051,Sierra,NM
1821,35053,053,Socorro,NM
1822,35055,055,Taos,NM
1823,35057,057,Torrance,NM
1824,35059,059,Union,NM
1825,35061,061,Valencia,NM
1826,36001,001,Albany,NY
1827,36003,003,Allegany,NY
1828,36005,005,Bronx,NY
1829,36007,007,Broome,NY
1830,36009,009,Cattaraugus,NY
1831,36011,011,Cayuga,NY
1832,36013,013,Chautauqua,NY
1833,36015,015,Chemung,NY
1834,36017,017,Chenango,NY
1835,36019,019,Clinton,NY
1836,36021,021,Columbia,NY
1837,36023,023,Cortland,NY
1838,36025,025,Delaware,NY
1839,36027,027,Dutchess,NY
1840,36029,029,Erie,NY
1841,36031,031,Essex,NY
1842,36033,033,Franklin,NY
1843,36035,035,Fulton,NY
1844,36037,037,Genesee,NY
1845,36039,039,Greene,NY
1846,36041,041,Hamilton,NY
1847,36043,043,Herkimer,NY
1848,36045,045,Jefferson,NY
1849,36047,047,Kings,NY
1850,36049,049,Lewis,NY
1851,36051,051,Livingston,NY
1852,36053,053,Madison,NY
1853,36055,055,Monroe,NY
1854,36057,057,Montgomery,NY
1855,36059,059,Nassau,NY
1856,36061,061,New York,NY
1857,36063,063,Niagara,NY
1858,36065,065,Oneida,NY
1859,36067,067,Onondaga,NY
1860,36069,069,Ontario,NY
1861,36071,071,Orange,NY
1862,36073,073,Orleans,NY
1863,36075,075,Oswego,NY
1864,36077,077,Otsego,NY
1865,36079,079,Putnam,NY
1866,36081,081,Queens,NY
1867,36083,083,Rensselaer,NY
1868,36085,085,Richmond,NY
1869,36087,087,Rockland,NY
1870,36089,089,St Lawrence,NY
1871,36091,091,Saratoga,NY
1872,36093,093,Schenectady,NY
1873,36095,095,Schoharie,NY
1874,36097,097,Schuyler,NY
1875,36099,099,Seneca,NY
1876,36101,101,Steuben,NY
1877,36103,103,Suffolk,NY
1878,36105,105,Sullivan,NY
1879,36107,107,Tioga,NY
1880,36109,109,Tompkins,NY
1881,36111,111,Ulster,NY
1882,36113,113,Warren,NY
1883,36115,115,Washington,NY
1884,36117,117,Wayne,NY
1885,36119,119,Westchester,NY
1886,36121,121,Wyoming,NY
1887,36123,123,Yates,NY
1888,37001,001,Alamance,NC
1889,37003,003,Alexander,NC
1890,37005,005,Alleghany,NC
1891,37007,007,Anson,NC
1892,37009,009,Ashe,NC
1893,37011,011,Avery,NC
1894,37013,013,Beaufort,NC
1895,37015,015,Bertie,NC
1896,37017,017,Bladen,NC
1897,37019,019,Brunswick,NC
1898,37021,021,Buncombe,NC
1899,37023,023,Burke,NC
1900,37025,025,Cabarrus,NC
1901,37027,027,Caldwell,NC
1902,37029,029,Camden,NC
1903,37031,031,Carteret,NC
1904,37033,033,Caswell,NC
1905,37035,035,Catawba,NC
1906,37037,037,Chatham,NC
1907,37039,039,Cherokee,NC
1908,37041,041,Chowan,NC
1909,37043,043,Clay,NC
1910,37045,045,Cleveland,NC
1911,37047,047,Columbus,NC
1912,37049,049,Craven,NC
1913,37051,051,Cumberland,NC
1914,37053,053,Currituck,NC
1915,37055,055,Dare,NC
1916,37057,057,Davidson,NC
1917,37059,059,Davie,NC
1918,37061,061,Duplin,NC
1919,37063,063,Durham,NC
1920,37065,065,Edgecombe,NC
1921,37067,067,Forsyth,NC
1922,37069,069,Franklin,NC
1923,37071,071,Gaston,NC
1924,37073,073,Gates,NC
1925,37075,075,Graham,NC
1926,37077,077,Granville,NC
1927,37079,079,Greene,NC
1928,37081,081,Guilford,NC
1929,37083,083,Halifax,NC
1930,37085,085,Harnett,NC
1931,37087,087,Haywood,NC
1932,37089,089,Henderson,NC
1933,37091,091,Hertford,NC
1934,37093,093,Hoke,NC
1935,37095,095,Hyde,NC
1936,37097,097,Iredell,NC
1937,37099,099,Jackson,NC
1938,37101,101,Johnston,NC
1939,37103,103,Jones,NC
1940,37105,105,Lee,NC
1941,37107,107,Lenoir,NC
1942,37109,109,Lincoln,NC
1943,37111,111,McDowell,NC
1944,37113,113,Macon,NC
1945,37115,115,Madison,NC
1946,37117,117,Martin,NC
1947,37119,119,Mecklenburg,NC
1948,37121,121,Mitchell,NC
1949,37123,123,Montgomery,NC
1950,37125,125,Moore,NC
1951,37127,127,Nash,NC
1952,37129,129,New Hanover,NC
1953,37131,131,Northampton,NC
1954,37133,133,Onslow,NC
1955,37135,135,Orange,NC
1956,37137,137,Pamlico,NC
1957,37139,139,Pasquotank,NC
1958,37141,141,Pender,NC
1959,37143,143,Perquimans,NC
1960,37145,145,Person,NC
1961,37147,147,Pitt,NC
1962,37149,149,Polk,NC
1963,37151,151,Randolph,NC
1964,37153,153,Richmond,NC
1965,37155,155,Robeson,NC
1966,37157,157,Rockingham,NC
1967,37159,159,Rowan,NC
1968,37161,161,Rutherford,NC
1969,37163,163,Sampson,NC
1970,37165,165,Scotland,NC
1971,37167,167,Stanly,NC
1972,37169,169,Stokes,NC
1973,37171,171,Surry,NC
1974,37173,173,Swain,NC
1975,37175,175,Transylvania,NC
1976,37177,177,Tyrrell,NC
1977,37179,179,Union,NC
1978,37181,181,Vance,NC
1979,37183,183,Wake,NC
1980,37185,185,Warren,NC
1981,37187,187,Washington,NC
1982,37189,189,Watauga,NC
1983,37191,191,Wayne,NC
1984,37193,193,Wilkes,NC
1985,37195,195,Wilson,NC
1986,37197,197,Yadkin,NC
1987,37199,199,Yancey,NC
1988,38001,001,Adams,ND
1989,38003,003,Barnes,ND
1990,38005,005,Benson,ND
1991,38007,007,Billings,ND
1992,38009,009,Bottineau,ND
1993,38011,011,Bowman,ND
1994,38013,013,Burke,ND
1995,38015,015,Burleigh,ND
1996,38017,017,Cass,ND
1997,38019,019,Cavalier,ND
1998,38021,021,Dickey,ND
1999,38023,023,Divide,ND
2000,38025,025,Dunn,ND
2001,38027,027,Eddy,ND
2002,38029,029,Emmons,ND
2003,38031,031,Foster,ND
2004,38033,033,Golden Valley,ND
2005,38035,035,Grand Forks,ND
2006,38037,037,Grant,ND
2007,38039,039,Griggs,ND
2008,38041,041,Hettinger,ND
2009,38043,043,Kidder,ND
2010,38045,045,La Moure,ND
2011,38047,047,Logan,ND
2012,38049,049,McHenry,ND
2013,38051,051,McIntosh,ND
2014,38053,053,McKenzie,ND
2015,38055,055,McLean,ND
2016,38057,057,Mercer,ND
2017,38059,059,Morton,ND
2018,38061,061,Mountrail,ND
2019,38063,063,Nelson,ND
2020,38065,065,Oliver,ND
2021,38067,067,Pembina,ND
2022,38069,069,Pierce,ND
2023,38071,071,Ramsey,ND
2024,38073,073,Ransom,ND
2025,38075,075,Renville,ND
2026,38077,077,Richland,ND
2027,38079,079,Rolette,ND
2028,38081,081,Sargent,ND
2029,38083,083,Sheridan,ND
2030,38085,085,Sioux,ND
2031,38087,087,Slope,ND
2032,38089,089,Stark,ND
2033,38091,091,Steele,ND
2034,38093,093,Stutsman,ND
2035,38095,095,Towner,ND
2036,38097,097,Traill,ND
2037,38099,099,Walsh,ND
2038,38101,101,Ward,ND
2039,38103,103,Wells,ND
2040,38105,105,Williams,ND
2041,39001,001,Adams,OH
2042,39003,003,Allen,OH
2043,39005,005,Ashland,OH
2044,39007,007,Ashtabula,OH
2045,39009,009,Athens,OH
2046,39011,011,Auglaize,OH
2047,39013,013,Belmont,OH
2048,39015,015,Brown,OH
2049,39017,017,Butler,OH
2050,39019,019,Carroll,OH
2051,39021,021,Champaign,OH
2052,39023,023,Clark,OH
2053,39025,025,Clermont,OH
2054,39027,027,Clinton,OH
2055,39029,029,Columbiana,OH
2056,39031,031,Coshocton,OH
2057,39033,033,Crawford,OH
2058,39035,035,Cuyahoga,OH
2059,39037,037,Darke,OH
2060,39039,039,Defiance,OH
2061,39041,041,Delaware,OH
2062,39043,043,Erie,OH
2063,39045,045,Fairfield,OH
2064,39047,047,Fayette,OH
2065,39049,049,Franklin,OH
2066,39051,051,Fulton,OH
2067,39053,053,Gallia,OH
2068,39055,055,Geauga,OH
2069,39057,057,Greene,OH
2070,39059,059,Guernsey,OH
2071,39061,061,Hamilton,OH
2072,39063,063,Hancock,OH
2073,39065,065,Hardin,OH
2074,39067,067,Harrison,OH
2075,39069,069,Henry,OH
2076,39071,071,Highland,OH
2077,39073,073,Hocking,OH
2078,39075,075,Holmes,OH
2079,39077,077,Huron,OH
2080,39079,079,Jackson,OH
2081,39081,081,Jefferson,OH
2082,39083,083,Knox,OH
2083,39085,085,Lake,OH
2084,39087,087,Lawrence,OH
2085,39089,089,Licking,OH
2086,39091,091,Logan,OH
2087,39093,093,Lorain,OH
2088,39095,095,Lucas,OH
2089,39097,097,Madison,OH
2090,39099,099,Mahoning,OH
2091,39101,101,Marion,OH
2092,39103,103,Medina,OH
2093,39105,105,Meigs,OH
2094,39107,107,Mercer,OH
2095,39109,109,Miami,OH
2096,39111,111,Monroe,OH
2097,39113,113,Montgomery,OH
2098,39115,115,Morgan,OH
2099,39117,117,Morrow,OH
2100,39119,119,Muskingum,OH
2101,39121,121,Noble,OH
2102,39123,123,Ottawa,OH
2103,39125,125,Paulding,OH
2104,39127,127,Perry,OH
2105,39129,129,Pickaway,OH
2106,39131,131,Pike,OH
2107,39133,133,Portage,OH
2108,39135,135,Preble,OH
2109,39137,137,Putnam,OH
2110,39139,139,Richland,OH
2111,39141,141,Ross,OH
2112,39143,143,Sandusky,OH
2113,39145,145,Scioto,OH
2114,39147,147,Seneca,OH
2115,39149,149,Shelby,OH
2116,39151,151,Stark,OH
2117,39153,153,Summit,OH
2118,39155,155,Trumbull,OH
2119,39157,157,Tuscarawas,OH
2120,39159,159,Union,OH
2121,39161,161,Van Wert,OH
2122,39163,163,Vinton,OH
2123,39165,165,Warren,OH
2124,39167,167,Washington,OH
2125,39169,169,Wayne,OH
2126,39171,171,Williams,OH
2127,39173,173,Wood,OH
2128,39175,175,Wyandot,OH
2129,40001,001,Adair,OK
2130,40003,003,Alfalfa,OK
2131,40005,005,Atoka,OK
2132,40007,007,Beaver,OK
2133,40009,009,Beckham,OK
2134,40011,011,Blaine,OK
2135,40013,013,Bryan,OK
2136,40015,015,Caddo,OK
2137,40017,017,Canadian,OK
2138,40019,019,Carter,OK
2139,40021,021,Cherokee,OK
2140,40023,023,Choctaw,OK
2141,40025,025,Cimarron,OK
2142,40027,027,Cleveland,OK
2143,40029,029,Coal,OK
2144,40031,031,Comanche,OK
2145,40033,033,Cotton,OK
2146,40035,035,Craig,OK
2147,40037,037,Creek,OK
2148,40039,039,Custer,OK
2149,40041,041,Delaware,OK
2150,40043,043,Dewey,OK
2151,40045,045,Ellis,OK
2152,40047,047,Garfield,OK
2153,40049,049,Garvin,OK
2154,40051,051,Grady,OK
2155,40053,053,Grant,OK
2156,40055,055,Greer,OK
2157,40057,057,Harmon,OK
2158,40059,059,Harper,OK
2159,40061,061,Haskell,OK
2160,40063,063,Hughes,OK
2161,40065,065,Jackson,OK
2162,40067,067,Jefferson,OK
2163,40069,069,Johnston,OK
2164,40071,071,Kay,OK
2165,40073,073,Kingfisher,OK
2166,40075,075,Kiowa,OK
2167,40077,077,Latimer,OK
2168,40079,079,Le Flore,OK
2169,40081,081,Lincoln,OK
2170,40083,083,Logan,OK
2171,40085,085,Love,OK
2172,40087,087,McClain,OK
2173,40089,089,McCurtain,OK
2174,40091,091,McIntosh,OK
2175,40093,093,Major,OK
2176,40095,095,Marshall,OK
2177,40097,097,Mayes,OK
2178,40099,099,Murray,OK
2179,40101,101,Muskogee,OK
2180,40103,103,Noble,OK
2181,40105,105,Nowata,OK
2182,40107,107,Okfuskee,OK
2183,40109,109,Oklahoma,OK
2184,40111,111,Okmulgee,OK
2185,40113,113,Osage,OK
2186,40115,115,Ottawa,OK
2187,40117,117,Pawnee,OK
2188,40119,119,Payne,OK
2189,40121,121,Pittsburg,OK
2190,40123,123,Pontotoc,OK
2191,40125,125,Pottawatomie,OK
2192,40127,127,Pushmataha,OK
2193,40129,129,Roger Mills,OK
2194,40131,131,Rogers,OK
2195,40133,133,Seminole,OK
2196,40135,135,Sequoyah,OK
2197,40137,137,Stephens,OK
2198,40139,139,Texas,OK
2199,40141,141,Tillman,OK
2200,40143,143,Tulsa,OK
2201,40145,145,Wagoner,OK
2202,40147,147,Washington,OK
2203,40149,149,Washita,OK
2204,40151,151,Woods,OK
2205,40153,153,Woodward,OK
2206,41001,001,Baker,OR
2207,41003,003,Benton,OR
2208,41005,005,Clackamas,OR
2209,41007,007,Clatsop,OR
2210,41009,009,Columbia,OR
2211,41011,011,Coos,OR
2212,41013,013,Crook,OR
2213,41015,015,Curry,OR
2214,41017,017,Deschutes,OR
2215,41019,019,Douglas,OR
2216,41021,021,Gilliam,OR
2217,41023,023,Grant,OR
2218,41025,025,Harney,OR
2219,41027,027,Hood River,OR
2220,41029,029,Jackson,OR
2221,41031,031,Jefferson,OR
2222,41033,033,Josephine,OR
2223,41035,035,Klamath,OR
2224,41037,037,Lake,OR
2225,41039,039,Lane,OR
2226,41041,041,Lincoln,OR
2227,41043,043,Linn,OR
2228,41045,045,Malheur,OR
2229,41047,047,Marion,OR
2230,41049,049,Morrow,OR
2231,41051,051,Multnomah,OR
2232,41053,053,Polk,OR
2233,41055,055,Sherman,OR
2234,41057,057,Tillamook,OR
2235,41059,059,Umatilla,OR
2236,41061,061,Union,OR
2237,41063,063,Wallowa,OR
2238,41065,065,Wasco,OR
2239,41067,067,Washington,OR
2240,41069,069,Wheeler,OR
2241,41071,071,Yamhill,OR
2242,42001,001,Adams,PA
2243,42003,003,Allegheny,PA
2244,42005,005,Armstrong,PA
2245,42007,007,Beaver,PA
2246,42009,009,Bedford,PA
2247,42011,011,Berks,PA
2248,42013,013,Blair,PA
2249,42015,015,Bradford,PA
2250,42017,017,Bucks,PA
2251,42019,019,Butler,PA
2252,42021,021,Cambria,PA
2253,42023,023,Cameron,PA
2254,42025,025,Carbon,PA
2255,42027,027,Centre,PA
2256,42029,029,Chester,PA
2257,42031,031,Clarion,PA
2258,42033,033,Clearfield,PA
2259,42035,035,Clinton,PA
2260,42037,037,Columbia,PA
2261,42039,039,Crawford,PA
2262,42041,041,Cumberland,PA
2263,42043,043,Dauphin,PA
2264,42045,045,Delaware,PA
2265,42047,047,Elk,PA
2266,42049,049,Erie,PA
2267,42051,051,Fayette,PA
2268,42053,053,Forest,PA
2269,42055,055,Franklin,PA
2270,42057,057,Fulton,PA
2271,42059,059,Greene,PA
2272,42061,061,Huntingdon,PA
2273,42063,063,Indiana,PA
2274,42065,065,Jefferson,PA
2275,42067,067,Juniata,PA
2276,42069,069,Lackawanna,PA
2277,42071,071,Lancaster,PA
2278,42073,073,Lawrence,PA
2279,42075,075,Lebanon,PA
2280,42077,077,Lehigh,PA
2281,42079,079,Luzerne,PA
2282,42081,081,Lycoming,PA
2283,42083,083,McKean,PA
2284,42085,085,Mercer,PA
2285,42087,087,Mifflin,PA
2286,42089,089,Monroe,PA
2287,42091,091,Montgomery,PA
2288,42093,093,Montour,PA
2289,42095,095,Northampton,PA
2290,42097,097,Northumberland,PA
2291,42099,099,Perry,PA
2292,42101,101,Philadelphia,PA
2293,42103,103,Pike,PA
2294,42105,105,Potter,PA
2295,42107,107,Schuylkill,PA
2296,42109,109,Snyder,PA
2297,42111,111,Somerset,PA
2298,42113,113,Sullivan,PA
2299,42115,115,Susquehanna,PA
2300,42117,117,Tioga,PA
2301,42119,119,Union,PA
2302,42121,121,Venango,PA
2303,42123,123,Warren,PA
2304,42125,125,Washington,PA
2305,42127,127,Wayne,PA
2306,42129,129,Westmoreland,PA
2307,42131,131,Wyoming,PA
2308,42133,133,York,PA
2309,44001,001,Bristol,RI
2310,44003,003,Kent,RI
2311,44005,005,Newport,RI
2312,44007,007,Providence,RI
2313,44009,009,Washington,RI
2314,45001,001,Abbeville,SC
2315,45003,003,Aiken,SC
2316,45005,005,Allendale,SC
2317,45007,007,Anderson,SC
2318,45009,009,Bamberg,SC
2319,45011,011,Barnwell,SC
2320,45013,013,Beaufort,SC
2321,45015,015,Berkeley,SC
2322,45017,017,Calhoun,SC
2323,45019,019,Charleston,SC
2324,45021,021,Cherokee,SC
2325,45023,023,Chester,SC
2326,45025,025,Chesterfield,SC
2327,45027,027,Clarendon,SC
2328,45029,029,Colleton,SC
2329,45031,031,Darlington,SC
2330,45033,033,Dillon,SC
2331,45035,035,Dorchester,SC
2332,45037,037,Edgefield,SC
2333,45039,039,Fairfield,SC
2334,45041,041,Florence,SC
2335,45043,043,Georgetown,SC
2336,45045,045,Greenville,SC
2337,45047,047,Greenwood,SC
2338,45049,049,Hampton,SC
2339,45051,051,Horry,SC
2340,45053,053,Jasper,SC
2341,45055,055,Kershaw,SC
2342,45057,057,Lancaster,SC
2343,45059,059,Laurens,SC
2344,45061,061,Lee,SC
2345,45063,063,Lexington,SC
2346,45065,065,McCormick,SC
2347,45067,067,Marion,SC
2348,45069,069,Marlboro,SC
2349,45071,071,Newberry,SC
2350,45073,073,Oconee,SC
2351,45075,075,Orangeburg,SC
2352,45077,077,Pickens,SC
2353,45079,079,Richland,SC
2354,45081,081,Saluda,SC
2355,45083,083,Spartanburg,SC
2356,45085,085,Sumter,SC
2357,45087,087,Union,SC
2358,45089,089,Williamsburg,SC
2359,45091,091,York,SC
2360,46003,003,Aurora,SD
2361,46005,005,Beadle,SD
2362,46007,007,Bennett,SD
2363,46009,009,Bon Homme,SD
2364,46011,011,Brookings,SD
2365,46013,013,Brown,SD
2366,46015,015,Brule,SD
2367,46017,017,Buffalo,SD
2368,46019,019,Butte,SD
2369,46021,021,Campbell,SD
2370,46023,023,Charles Mix,SD
2371,46025,025,Clark,SD
2372,46027,027,Clay,SD
2373,46029,029,Codington,SD
2374,46031,031,Corson,SD
2375,46033,033,Custer,SD
2376,46035,035,Davison,SD
2377,46037,037,Day,SD
2378,46039,039,Deuel,SD
2379,46041,041,Dewey,SD
2380,46043,043,Douglas,SD
2381,46045,045,Edmunds,SD
2382,46047,047,Fall River,SD
2383,46049,049,Faulk,SD
2384,46051,051,Grant,SD
2385,46053,053,Gregory,SD
2386,46055,055,Haakon,SD
2387,46057,057,Hamlin,SD
2388,46059,059,Hand,SD
2389,46061,061,Hanson,SD
2390,46063,063,Harding,SD
2391,46065,065,Hughes,SD
2392,46067,067,Hutchinson,SD
2393,46069,069,Hyde,SD
2394,46071,071,Jackson,SD
2395,46073,073,Jerauld,SD
2396,46075,075,Jones,SD
2397,46077,077,Kingsbury,SD
2398,46079,079,Lake,SD
2399,46081,081,Lawrence,SD
2400,46083,083,Lincoln,SD
2401,46085,085,Lyman,SD
2402,46087,087,McCook,SD
2403,46089,089,McPherson,SD
2404,46091,091,Marshall,SD
2405,46093,093,Meade,SD
2406,46095,095,Mellette,SD
2407,46097,097,Miner,SD
2408,46099,099,Minnehaha,SD
2409,46101,101,Moody,SD
2410,46103,103,Pennington,SD
2411,46105,105,Perkins,SD
2412,46107,107,Potter,SD
2413,46109,109,Roberts,SD
2414,46111,111,Sanborn,SD
2415,46113,113,Shannon,SD
2416,46115,115,Spink,SD
2417,46117,117,Stanley,SD
2418,46119,119,Sully,SD
2419,46121,121,Todd,SD
2420,46123,123,Tripp,SD
2421,46125,125,Turner,SD
2422,46127,127,Union,SD
2423,46129,129,Walworth,SD
2424,46135,135,Yankton,SD
2425,46137,137,Ziebach,SD
2426,47001,001,Anderson,TN
2427,47003,003,Bedford,TN
2428,47005,005,Benton,TN
2429,47007,007,Bledsoe,TN
2430,47009,009,Blount,TN
2431,47011,011,Bradley,TN
2432,47013,013,Campbell,TN
2433,47015,015,Cannon,TN
2434,47017,017,Carroll,TN
2435,47019,019,Carter,TN
2436,47021,021,Cheatham,TN
2437,47023,023,Chester,TN
2438,47025,025,Claiborne,TN
2439,47027,027,Clay,TN
2440,47029,029,Cocke,TN
2441,47031,031,Coffee,TN
2442,47033,033,Crockett,TN
2443,47035,035,Cumberland,TN
2444,47037,037,Davidson,TN
2445,47039,039,Decatur,TN
2446,47041,041,De Kalb,TN
2447,47043,043,Dickson,TN
2448,47045,045,Dyer,TN
2449,47047,047,Fayette,TN
2450,47049,049,Fentress,TN
2451,47051,051,Franklin,TN
2452,47053,053,Gibson,TN
2453,47055,055,Giles,TN
2454,47057,057,Grainger,TN
2455,47059,059,Greene,TN
2456,47061,061,Grundy,TN
2457,47063,063,Hamblen,TN
2458,47065,065,Hamilton,TN
2459,47067,067,Hancock,TN
2460,47069,069,Hardeman,TN
2461,47071,071,Hardin,TN
2462,47073,073,Hawkins,TN
2463,47075,075,Haywood,TN
2464,47077,077,Henderson,TN
2465,47079,079,Henry,TN
2466,47081,081,Hickman,TN
2467,47083,083,Houston,TN
2468,47085,085,Humphreys,TN
2469,47087,087,Jackson,TN
2470,47089,089,Jefferson,TN
2471,47091,091,Johnson,TN
2472,47093,093,Knox,TN
2473,47095,095,Lake,TN
2474,47097,097,Lauderdale,TN
2475,47099,099,Lawrence,TN
2476,47101,101,Lewis,TN
2477,47103,103,Lincoln,TN
2478,47105,105,Loudon,TN
2479,47107,107,McMinn,TN
2480,47109,109,McNairy,TN
2481,47111,111,Macon,TN
2482,47113,113,Madison,TN
2483,47115,115,Marion,TN
2484,47117,117,Marshall,TN
2485,47119,119,Maury,TN
2486,47121,121,Meigs,TN
2487,47123,123,Monroe,TN
2488,47125,125,Montgomery,TN
2489,47127,127,Moore,TN
2490,47129,129,Morgan,TN
2491,47131,131,Obion,TN
2492,47133,133,Overton,TN
2493,47135,135,Perry,TN
2494,47137,137,Pickett,TN
2495,47139,139,Polk,TN
2496,47141,141,Putnam,TN
2497,47143,143,Rhea,TN
2498,47145,145,Roane,TN
2499,47147,147,Robertson,TN
2500,47149,149,Rutherford,TN
2501,47151,151,Scott,TN
2502,47153,153,Sequatchie,TN
2503,47155,155,Sevier,TN
2504,47157,157,Shelby,TN
2505,47159,159,Smith,TN
2506,47161,161,Stewart,TN
2507,47163,163,Sullivan,TN
2508,47165,165,Sumner,TN
2509,47167,167,Tipton,TN
2510,47169,169,Trousdale,TN
2511,47171,171,Unicoi,TN
2512,47173,173,Union,TN
2513,47175,175,Van Buren,TN
2514,47177,177,Warren,TN
2515,47179,179,Washington,TN
2516,47181,181,Wayne,TN
2517,47183,183,Weakley,TN
2518,47185,185,White,TN
2519,47187,187,Williamson,TN
2520,47189,189,Wilson,TN
2521,48001,001,Anderson,TX
2522,48003,003,Andrews,TX
2523,48005,005,Angelina,TX
2524,48007,007,Aransas,TX
2525,48009,009,Archer,TX
2526,48011,011,Armstrong,TX
2527,48013,013,Atascosa,TX
2528,48015,015,Austin,TX
2529,48017,017,Bailey,TX
2530,48019,019,Bandera,TX
2531,48021,021,Bastrop,TX
2532,48023,023,Baylor,TX
2533,48025,025,Bee,TX
2534,48027,027,Bell,TX
2535,48029,029,Bexar,TX
2536,48031,031,Blanco,TX
2537,48033,033,Borden,TX
2538,48035,035,Bosque,TX
2539,48037,037,Bowie,TX
2540,48039,039,Brazoria,TX
2541,48041,041,Brazos,TX
2542,48043,043,Brewster,TX
2543,48045,045,Briscoe,TX
2544,48047,047,Brooks,TX
2545,48049,049,Brown,TX
2546,48051,051,Burleson,TX
2547,48053,053,Burnet,TX
2548,48055,055,Caldwell,TX
2549,48057,057,Calhoun,TX
2550,48059,059,Callahan,TX
2551,48061,061,Cameron,TX
2552,48063,063,Camp,TX
2553,48065,065,Carson,TX
2554,48067,067,Cass,TX
2555,48069,069,Castro,TX
2556,48071,071,Chambers,TX
2557,48073,073,Cherokee,TX
2558,48075,075,Childress,TX
2559,48077,077,Clay,TX
2560,48079,079,Cochran,TX
2561,48081,081,Coke,TX
2562,48083,083,Coleman,TX
2563,48085,085,Collin,TX
2564,48087,087,Collingsworth,TX
2565,48089,089,Colorado,TX
2566,48091,091,Comal,TX
2567,48093,093,Comanche,TX
2568,48095,095,Concho,TX
2569,48097,097,Cooke,TX
2570,48099,099,Coryell,TX
2571,48101,101,Cottle,TX
2572,48103,103,Crane,TX
2573,48105,105,Crockett,TX
2574,48107,107,Crosby,TX
2575,48109,109,Culberson,TX
2576,48111,111,Dallam,TX
2577,48113,113,Dallas,TX
2578,48115,115,Dawson,TX
2579,48117,117,Deaf Smith,TX
2580,48119,119,Delta,TX
2581,48121,121,Denton,TX
2582,48123,123,De Witt,TX
2583,48125,125,Dickens,TX
2584,48127,127,Dimmit,TX
2585,48129,129,Donley,TX
2586,48131,131,Duval,TX
2587,48133,133,Eastland,TX
2588,48135,135,Ector,TX
2589,48137,137,Edwards,TX
2590,48139,139,Ellis,TX
2591,48141,141,El Paso,TX
2592,48143,143,Erath,TX
2593,48145,145,Falls,TX
2594,48147,147,Fannin,TX
2595,48149,149,Fayette,TX
2596,48151,151,Fisher,TX
2597,48153,153,Floyd,TX
2598,48155,155,Foard,TX
2599,48157,157,Fort Bend,TX
2600,48159,159,Franklin,TX
2601,48161,161,Freestone,TX
2602,48163,163,Frio,TX
2603,48165,165,Gaines,TX
2604,48167,167,Galveston,TX
2605,48169,169,Garza,TX
2606,48171,171,Gillespie,TX
2607,48173,173,Glasscock,TX
2608,48175,175,Goliad,TX
2609,48177,177,Gonzales,TX
2610,48179,179,Gray,TX
2611,48181,181,Grayson,TX
2612,48183,183,Gregg,TX
2613,48185,185,Grimes,TX
2614,48187,187,Guadalupe,TX
2615,48189,189,Hale,TX
2616,48191,191,Hall,TX
2617,48193,193,Hamilton,TX
2618,48195,195,Hansford,TX
2619,48197,197,Hardeman,TX
2620,48199,199,Hardin,TX
2621,48201,201,Harris,TX
2622,48203,203,Harrison,TX
2623,48205,205,Hartley,TX
2624,48207,207,Haskell,TX
2625,48209,209,Hays,TX
2626,48211,211,Hemphill,TX
2627,48213,213,Henderson,TX
2628,48215,215,Hidalgo,TX
2629,48217,217,Hill,TX
2630,48219,219,Hockley,TX
2631,48221,221,Hood,TX
2632,48223,223,Hopkins,TX
2633,48225,225,Houston,TX
2634,48227,227,Howard,TX
2635,48229,229,Hudspeth,TX
2636,48231,231,Hunt,TX
2637,48233,233,Hutchinson,TX
2638,48235,235,Irion,TX
2639,48237,237,Jack,TX
2640,48239,239,Jackson,TX
2641,48241,241,Jasper,TX
2642,48243,243,Jeff Davis,TX
2643,48245,245,Jefferson,TX
2644,48247,247,Jim Hogg,TX
2645,48249,249,Jim Wells,TX
2646,48251,251,Johnson,TX
2647,48253,253,Jones,TX
2648,48255,255,Karnes,TX
2649,48257,257,Kaufman,TX
2650,48259,259,Kendall,TX
2651,48261,261,Kenedy,TX
2652,48263,263,Kent,TX
2653,48265,265,Kerr,TX
2654,48267,267,Kimble,TX
2655,48269,269,King,TX
2656,48271,271,Kinney,TX
2657,48273,273,Kleberg,TX
2658,48275,275,Knox,TX
2659,48277,277,Lamar,TX
2660,48279,279,Lamb,TX
2661,48281,281,Lampasas,TX
2662,48283,283,La Salle,TX
2663,48285,285,Lavaca,TX
2664,48287,287,Lee,TX
2665,48289,289,Leon,TX
2666,48291,291,Liberty,TX
2667,48293,293,Limestone,TX
2668,48295,295,Lipscomb,TX
2669,48297,297,Live Oak,TX
2670,48299,299,Llano,TX
2671,48301,301,Loving,TX
2672,48303,303,Lubbock,TX
2673,48305,305,Lynn,TX
2674,48307,307,McCulloch,TX
2675,48309,309,McLennan,TX
2676,48311,311,McMullen,TX
2677,48313,313,Madison,TX
2678,48315,315,Marion,TX
2679,48317,317,Martin,TX
2680,48319,319,Mason,TX
2681,48321,321,Matagorda,TX
2682,48323,323,Maverick,TX
2683,48325,325,Medina,TX
2684,48327,327,Menard,TX
2685,48329,329,Midland,TX
2686,48331,331,Milam,TX
2687,48333,333,Mills,TX
2688,48335,335,Mitchell,TX
2689,48337,337,Montague,TX
2690,48339,339,Montgomery,TX
2691,48341,341,Moore,TX
2692,48343,343,Morris,TX
2693,48345,345,Motley,TX
2694,48347,347,Nacogdoches,TX
2695,48349,349,Navarro,TX
2696,48351,351,Newton,TX
2697,48353,353,Nolan,TX
2698,48355,355,Nueces,TX
2699,48357,357,Ochiltree,TX
2700,48359,359,Oldham,TX
2701,48361,361,Orange,TX
2702,48363,363,Palo Pinto,TX
2703,48365,365,Panola,TX
2704,48367,367,Parker,TX
2705,48369,369,Parmer,TX
2706,48371,371,Pecos,TX
2707,48373,373,Polk,TX
2708,48375,375,Potter,TX
2709,48377,377,Presidio,TX
2710,48379,379,Rains,TX
2711,48381,381,Randall,TX
2712,48383,383,Reagan,TX
2713,48385,385,Real,TX
2714,48387,387,Red River,TX
2715,48389,389,Reeves,TX
2716,48391,391,Refugio,TX
2717,48393,393,Roberts,TX
2718,48395,395,Robertson,TX
2719,48397,397,Rockwall,TX
2720,48399,399,Runnels,TX
2721,48401,401,Rusk,TX
2722,48403,403,Sabine,TX
2723,48405,405,San Augustine,TX
2724,48407,407,San Jacinto,TX
2725,48409,409,San Patricio,TX
2726,48411,411,San Saba,TX
2727,48413,413,Schleicher,TX
2728,48415,415,Scurry,TX
2729,48417,417,Shackelford,TX
2730,48419,419,Shelby,TX
2731,48421,421,Sherman,TX
2732,48423,423,Smith,TX
2733,48425,425,Somervell,TX
2734,48427,427,Starr,TX
2735,48429,429,Stephens,TX
2736,48431,431,Sterling,TX
2737,48433,433,Stonewall,TX
2738,48435,435,Sutton,TX
2739,48437,437,Swisher,TX
2740,48439,439,Tarrant,TX
2741,48441,441,Taylor,TX
2742,48443,443,Terrell,TX
2743,48445,445,Terry,TX
2744,48447,447,Throckmorton,TX
2745,48449,449,Titus,TX
2746,48451,451,Tom Green,TX
2747,48453,453,Travis,TX
2748,48455,455,Trinity,TX
2749,48457,457,Tyler,TX
2750,48459,459,Upshur,TX
2751,48461,461,Upton,TX
2752,48463,463,Uvalde,TX
2753,48465,465,Val Verde,TX
2754,48467,467,Van Zandt,TX
2755,48469,469,Victoria,TX
2756,48471,471,Walker,TX
2757,48473,473,Waller,TX
2758,48475,475,Ward,TX
2759,48477,477,Washington,TX
2760,48479,479,Webb,TX
2761,48481,481,Wharton,TX
2762,48483,483,Wheeler,TX
2763,48485,485,Wichita,TX
2764,48487,487,Wilbarger,TX
2765,48489,489,Willacy,TX
2766,48491,491,Williamson,TX
2767,48493,493,Wilson,TX
2768,48495,495,Winkler,TX
2769,48497,497,Wise,TX
2770,48499,499,Wood,TX
2771,48501,501,Yoakum,TX
2772,48503,503,Young,TX
2773,48505,505,Zapata,TX
2774,48507,507,Zavala,TX
2775,49001,001,Beaver,UT
2776,49003,003,Box Elder,UT
2777,49005,005,Cache,UT
2778,49007,007,Carbon,UT
2779,49009,009,Daggett,UT
2780,49011,011,Davis,UT
2781,49013,013,Duchesne,UT
2782,49015,015,Emery,UT
2783,49017,017,Garfield,UT
2784,49019,019,Grand,UT
2785,49021,021,Iron,UT
2786,49023,023,Juab,UT
2787,49025,025,Kane,UT
2788,49027,027,Millard,UT
2789,49029,029,Morgan,UT
2790,49031,031,Piute,UT
2791,49033,033,Rich,UT
2792,49035,035,Salt Lake,UT
2793,49037,037,San Juan,UT
2794,49039,039,Sanpete,UT
2795,49041,041,Sevier,UT
2796,49043,043,Summit,UT
2797,49045,045,Tooele,UT
2798,49047,047,Uintah,UT
2799,49049,049,Utah,UT
2800,49051,051,Wasatch,UT
2801,49053,053,Washington,UT
2802,49055,055,Wayne,UT
2803,49057,057,Weber,UT
2804,50001,001,Addison,VT
2805,50003,003,Bennington,VT
2806,50005,005,Caledonia,VT
2807,50007,007,Chittenden,VT
2808,50009,009,Essex,VT
2809,50011,011,Franklin,VT
2810,50013,013,Grand Isle,VT
2811,50015,015,Lamoille,VT
2812,50017,017,Orange,VT
2813,50019,019,Orleans,VT
2814,50021,021,Rutland,VT
2815,50023,023,Washington,VT
2816,50025,025,Windham,VT
2817,50027,027,Windsor,VT
2818,51001,001,Accomack,VA
2819,51003,003,Albemarle,VA
2820,51005,005,Alleghany,VA
2821,51007,007,Amelia,VA
2822,51009,009,Amherst,VA
2823,51011,011,Appomattox,VA
2824,51013,013,Arlington,VA
2825,51015,015,Augusta,VA
2826,51017,017,Bath,VA
2827,51019,019,Bedford,VA
2828,51021,021,Bland,VA
2829,51023,023,Botetourt,VA
2830,51025,025,Brunswick,VA
2831,51027,027,Buchanan,VA
2832,51029,029,Buckingham,VA
2833,51031,031,Campbell,VA
2834,51033,033,Caroline,VA
2835,51035,035,Carroll,VA
2836,51036,036,Charles City,VA
2837,51037,037,Charlotte,VA
2838,51041,041,Chesterfield,VA
2839,51043,043,Clarke,VA
2840,51045,045,Craig,VA
2841,51047,047,Culpeper,VA
2842,51049,049,Cumberland,VA
2843,51051,051,Dickenson,VA
2844,51053,053,Dinwiddie,VA
2845,51057,057,Essex,VA
2846,51059,059,Fairfax,VA
2847,51061,061,Fauquier,VA
2848,51063,063,Floyd,VA
2849,51065,065,Fluvanna,VA
2850,51067,067,Franklin,VA
2851,51069,069,Frederick,VA
2852,51071,071,Giles,VA
2853,51073,073,Gloucester,VA
2854,51075,075,Goochland,VA
2855,51077,077,Grayson,VA
2856,51079,079,Greene,VA
2857,51081,081,Greensville,VA
2858,51083,083,Halifax,VA
2859,51085,085,Hanover,VA
2860,51087,087,Henrico,VA
2861,51089,089,Henry,VA
2862,51091,091,Highland,VA
2863,51093,093,Isle of Wight,VA
2864,51095,095,James City,VA
2865,51097,097,King and Queen,VA
2866,51099,099,King George,VA
2867,51101,101,King William,VA
2868,51103,103,Lancaster,VA
2869,51105,105,Lee,VA
2870,51107,107,Loudoun,VA
2871,51109,109,Louisa,VA
2872,51111,111,Lunenburg,VA
2873,51113,113,Madison,VA
2874,51115,115,Mathews,VA
2875,51117,117,Mecklenburg,VA
2876,51119,119,Middlesex,VA
2877,51121,121,Montgomery,VA
2878,51125,125,Nelson,VA
2879,51127,127,New Kent,VA
2880,51131,131,Northampton,VA
2881,51133,133,Northumberland,VA
2882,51135,135,Nottoway,VA
2883,51137,137,Orange,VA
2884,51139,139,Page,VA
2885,51141,141,Patrick,VA
2886,51143,143,Pittsylvania,VA
2887,51145,145,Powhatan,VA
2888,51147,147,Prince Edward,VA
2889,51149,149,Prince George,VA
2890,51153,153,Prince William,VA
2891,51155,155,Pulaski,VA
2892,51157,157,Rappahannock,VA
2893,51159,159,Richmond,VA
2894,51161,161,Roanoke,VA
2895,51163,163,Rockbridge,VA
2896,51165,165,Rockingham,VA
2897,51167,167,Russell,VA
2898,51169,169,Scott,VA
2899,51171,171,Shenandoah,VA
2900,51173,173,Smyth,VA
2901,51175,175,Southampton,VA
2902,51177,177,Spotsylvania,VA
2903,51179,179,Stafford,VA
2904,51181,181,Surry,VA
2905,51183,183,Sussex,VA
2906,51185,185,Tazewell,VA
2907,51187,187,Warren,VA
2908,51191,191,Washington,VA
2909,51193,193,Westmoreland,VA
2910,51195,195,Wise,VA
2911,51197,197,Wythe,VA
2912,51199,199,York,VA
2913,51510,510,Alexandria City,VA
2914,51515,515,Bedford City,VA
2915,51520,520,Bristol City,VA
2916,51530,530,Buena Vista City,VA
2917,51540,540,Charlottesville City,VA
2918,51550,550,Chesapeake City,VA
2919,51560,560,Clifton Forge City,VA
2920,51570,570,Colonial Heights Cit,VA
2921,51580,580,Covington City,VA
2922,51590,590,Danville City,VA
2923,51595,595,Emporia City,VA
2924,51600,600,Fairfax City,VA
2925,51610,610,Falls Church City,VA
2926,51620,620,Franklin City,VA
2927,51630,630,Fredericksburg City,VA
2928,51640,640,Galax City,VA
2929,51650,650,Hampton City,VA
2930,51660,660,Harrisonburg City,VA
2931,51670,670,Hopewell City,VA
2932,51678,678,Lexington City,VA
2933,51680,680,Lynchburg City,VA
2934,51683,683,Manassas City,VA
2935,51685,685,Manassas Park City,VA
2936,51690,690,Martinsville City,VA
2937,51700,700,Newport News City,VA
2938,51710,710,Norfolk City,VA
2939,51720,720,Norton City,VA
2940,51730,730,Petersburg City,VA
2941,51735,735,Poquoson City,VA
2942,51740,740,Portsmouth City,VA
2943,51750,750,Radford City,VA
2944,51760,760,Richmond City,VA
2945,51770,770,Roanoke City,VA
2946,51775,775,Salem City,VA
2947,51780,780,South Boston City,VA
2948,51790,790,Staunton City,VA
2949,51800,800,Suffolk City,VA
2950,51810,810,Virginia Beach City,VA
2951,51820,820,Waynesboro City,VA
2952,51830,830,Williamsburg City,VA
2953,51840,840,Winchester City,VA
2954,53001,001,Adams,WA
2955,53003,003,Asotin,WA
2956,53005,005,Benton,WA
2957,53007,007,Chelan,WA
2958,53009,009,Clallam,WA
2959,53011,011,Clark,WA
2960,53013,013,Columbia,WA
2961,53015,015,Cowlitz,WA
2962,53017,017,Douglas,WA
2963,53019,019,Ferry,WA
2964,53021,021,Franklin,WA
2965,53023,023,Garfield,WA
2966,53025,025,Grant,WA
2967,53027,027,Grays Harbor,WA
2968,53029,029,Island,WA
2969,53031,031,Jefferson,WA
2970,53033,033,King,WA
2971,53035,035,Kitsap,WA
2972,53037,037,Kittitas,WA
2973,53039,039,Klickitat,WA
2974,53041,041,Lewis,WA
2975,53043,043,Lincoln,WA
2976,53045,045,Mason,WA
2977,53047,047,Okanogan,WA
2978,53049,049,Pacific,WA
2979,53051,051,Pend Oreille,WA
2980,53053,053,Pierce,WA
2981,53055,055,San Juan,WA
2982,53057,057,Skagit,WA
2983,53059,059,Skamania,WA
2984,53061,061,Snohomish,WA
2985,53063,063,Spokane,WA
2986,53065,065,Stevens,WA
2987,53067,067,Thurston,WA
2988,53069,069,Wahkiakum,WA
2989,53071,071,Walla Walla,WA
2990,53073,073,Whatcom,WA
2991,53075,075,Whitman,WA
2992,53077,077,Yakima,WA
2993,54001,001,Barbour,WV
2994,54003,003,Berkeley,WV
2995,54005,005,Boone,WV
2996,54007,007,Braxton,WV
2997,54009,009,Brooke,WV
2998,54011,011,Cabell,WV
2999,54013,013,Calhoun,WV
3000,54015,015,Clay,WV
3001,54017,017,Doddridge,WV
3002,54019,019,Fayette,WV
3003,54021,021,Gilmer,WV
3004,54023,023,Grant,WV
3005,54025,025,Greenbrier,WV
3006,54027,027,Hampshire,WV
3007,54029,029,Hancock,WV
3008,54031,031,Hardy,WV
3009,54033,033,Harrison,WV
3010,54035,035,Jackson,WV
3011,54037,037,Jefferson,WV
3012,54039,039,Kanawha,WV
3013,54041,041,Lewis,WV
3014,54043,043,Lincoln,WV
3015,54045,045,Logan,WV
3016,54047,047,McDowell,WV
3017,54049,049,Marion,WV
3018,54051,051,Marshall,WV
3019,54053,053,Mason,WV
3020,54055,055,Mercer,WV
3021,54057,057,Mineral,WV
3022,54059,059,Mingo,WV
3023,54061,061,Monongalia,WV
3024,54063,063,Monroe,WV
3025,54065,065,Morgan,WV
3026,54067,067,Nicholas,WV
3027,54069,069,Ohio,WV
3028,54071,071,Pendleton,WV
3029,54073,073,Pleasants,WV
3030,54075,075,Pocahontas,WV
3031,54077,077,Preston,WV
3032,54079,079,Putnam,WV
3033,54081,081,Raleigh,WV
3034,54083,083,Randolph,WV
3035,54085,085,Ritchie,WV
3036,54087,087,Roane,WV
3037,54089,089,Summers,WV
3038,54091,091,Taylor,WV
3039,54093,093,Tucker,WV
3040,54095,095,Tyler,WV
3041,54097,097,Upshur,WV
3042,54099,099,Wayne,WV
3043,54101,101,Webster,WV
3044,54103,103,Wetzel,WV
3045,54105,105,Wirt,WV
3046,54107,107,Wood,WV
3047,54109,109,Wyoming,WV
3048,55001,001,Adams,WI
3049,55003,003,Ashland,WI
3050,55005,005,Barron,WI
3051,55007,007,Bayfield,WI
3052,55009,009,Brown,WI
3053,55011,011,Buffalo,WI
3054,55013,013,Burnett,WI
3055,55015,015,Calumet,WI
3056,55017,017,Chippewa,WI
3057,55019,019,Clark,WI
3058,55021,021,Columbia,WI
3059,55023,023,Crawford,WI
3060,55025,025,Dane,WI
3061,55027,027,Dodge,WI
3062,55029,029,Door,WI
3063,55031,031,Douglas,WI
3064,55033,033,Dunn,WI
3065,55035,035,Eau Claire,WI
3066,55037,037,Florence,WI
3067,55039,039,Fond du Lac,WI
3068,55041,041,Forest,WI
3069,55043,043,Grant,WI
3070,55045,045,Green,WI
3071,55047,047,Green Lake,WI
3072,55049,049,Iowa,WI
3073,55051,051,Iron,WI
3074,55053,053,Jackson,WI
3075,55055,055,Jefferson,WI
3076,55057,057,Juneau,WI
3077,55059,059,Kenosha,WI
3078,55061,061,Kewaunee,WI
3079,55063,063,La Crosse,WI
3080,55065,065,Lafayette,WI
3081,55067,067,Langlade,WI
3082,55069,069,Lincoln,WI
3083,55071,071,Manitowoc,WI
3084,55073,073,Marathon,WI
3085,55075,075,Marinette,WI
3086,55077,077,Marquette,WI
3087,55078,078,Menominee,WI
3088,55079,079,Milwaukee,WI
3089,55081,081,Monroe,WI
3090,55083,083,Oconto,WI
3091,55085,085,Oneida,WI
3092,55087,087,Outagamie,WI
3093,55089,089,Ozaukee,WI
3094,55091,091,Pepin,WI
3095,55093,093,Pierce,WI
3096,55095,095,Polk,WI
3097,55097,097,Portage,WI
3098,55099,099,Price,WI
3099,55101,101,Racine,WI
3100,55103,103,Richland,WI
3101,55105,105,Rock,WI
3102,55107,107,Rusk,WI
3103,55109,109,St Croix,WI
3104,55111,111,Sauk,WI
3105,55113,113,Sawyer,WI
3106,55115,115,Shawano,WI
3107,55117,117,Sheboygan,WI
3108,55119,119,Taylor,WI
3109,55121,121,Trempealeau,WI
3110,55123,123,Vernon,WI
3111,55125,125,Vilas,WI
3112,55127,127,Walworth,WI
3113,55129,129,Washburn,WI
3114,55131,131,Washington,WI
3115,55133,133,Waukesha,WI
3116,55135,135,Waupaca,WI
3117,55137,137,Waushara,WI
3118,55139,139,Winnebago,WI
3119,55141,141,Wood,WI
3120,56001,001,Albany,WY
3121,56003,003,Big Horn,WY
3122,56005,005,Campbell,WY
3123,56007,007,Carbon,WY
3124,56009,009,Converse,WY
3125,56011,011,Crook,WY
3126,56013,013,Fremont,WY
3127,56015,015,Goshen,WY
3128,56017,017,Hot Springs,WY
3129,56019,019,Johnson,WY
3130,56021,021,Laramie,WY
3131,56023,023,Lincoln,WY
3132,56025,025,Natrona,WY
3133,56027,027,Niobrara,WY
3134,56029,029,Park,WY
3135,56031,031,Platte,WY
3136,56033,033,Sheridan,WY
3137,56035,035,Sublette,WY
3138,56037,037,Sweetwater,WY
3139,56039,039,Teton,WY
3140,56041,041,Uinta,WY
3141,56043,043,Washakie,WY
3142,56045,045,Weston,WY
3143,60010,010,Unknown,AS
3144,60020,020,Manua,AS
3145,60020,020,Ofu,AS
3146,60020,020,Olosega,AS
3147,60050,050,Tutuila,AS
3148,66010,010,Cocos Island,MP
3149,66010,010,Guam,GU
3150,69100,100,Rota,MP
3151,69110,110,Saipan,MP
3152,69120,120,Aguijan,MP
3153,69120,120,Tinian,MP
3154,72001,001,Adjuntas,PR
3155,72003,003,Aguada,PR
3156,72005,005,Aguadilla,PR
3157,72007,007,Aguas Buenas,PR
3158,72009,009,Aibonito,PR
3159,72011,011,Anasco,PR
3160,72013,013,Arecibo,PR
3161,72015,015,Arroyo,PR
3162,72017,017,Barceloneta,PR
3163,72019,019,Barranquitas,PR
3164,72021,021,Bayamon,PR
3165,72023,023,Cabo Rojo,PR
3166,72025,025,Caguas,PR
3167,72027,027,Camuy,PR
3168,72029,029,Canovanas,PR
3169,72031,031,Carolina,PR
3170,72033,033,Catano,PR
3171,72035,035,Cayey,PR
3172,72037,037,Ceiba,PR
3173,72041,041,Cidra,PR
3174,72043,043,Coamo,PR
3175,72045,045,Comerio,PR
3176,72047,047,Corozal,PR
3177,72049,049,Culebra,PR
3178,72051,051,Dorado,PR
3179,72053,053,Fajardo,PR
3180,72054,054,Florida,PR
3181,72055,055,Guanica,PR
3182,72057,057,Guayama,PR
3183,72059,059,Guayanilla,PR
3184,72061,061,Guaynabo,PR
3185,72063,063,Gurabo,PR
3186,72065,065,Hatillo,PR
3187,72067,067,Hormigueros,PR
3188,72071,071,Isabela,PR
3189,72073,073,Jayuya,PR
3190,72075,075,Juana Diaz,PR
3191,72077,077,Juncos,PR
3192,72079,079,Lajas,PR
3193,72081,081,Lares,PR
3194,72083,083,Las Marias,PR
3195,72085,085,Las Piedras,PR
3196,72087,087,Loiza,PR
3197,72089,089,Luquillo,PR
3198,72091,091,Manati,PR
3199,72093,093,Maricao,PR
3200,72095,095,Maunabo,PR
3201,72097,097,Mayaguez,PR
3202,72099,099,Moca,PR
3203,72101,101,Morovis,PR
3204,72103,103,Nabuabo,PR
3205,72105,105,Naranjito,PR
3206,72107,107,Orocovis,PR
3207,72109,109,Patillas,PR
3208,72111,111,Penuelas,PR
3209,72113,113,Ponce,PR
3210,72115,115,Quebradillas,PR
3211,72117,117,Rincon,PR
3212,72119,119,Rio Grande,PR
3213,72121,121,Sabana Grande,PR
3214,72123,123,Salinas,PR
3215,72125,125,San German,PR
3216,72127,127,San Juan,PR
3217,72129,129,San Lorenzo,PR
3218,72131,131,San Sabastian,PR
3219,72133,133,Santa Isabel,PR
3220,72135,135,Toa Alta,PR
3221,72137,137,Toa Baja,PR
3222,72139,139,Trujillo Alto,PR
3223,72141,141,Utuado,PR
3224,72143,143,Vega Alta,PR
3225,72145,145,Vega Baja,PR
3226,72147,147,Vieques,PR
3227,72149,149,Villalba,PR
3228,72151,151,Yabucoa,PR
3229,72153,153,Yauco,PR
3230,78010,010,St. Croix,VI
3231,78020,020,St. John,VI
3232,78030,030,St. Thomas,VI
